date_received,complaints
2011-12-01,120
2011-12-02,138
2011-12-03,26
2011-12-04,22
2011-12-05,164
2011-12-06,170
2011-12-07,100
2011-12-08,166
2011-12-09,68
2011-12-10,36
2011-12-11,59
2011-12-12,163
2011-12-13,134
2011-12-14,92
2011-12-15,64
2011-12-16,101
2011-12-17,28
2011-12-18,16
2011-12-19,91
2011-12-20,120
2011-12-21,111
2011-12-22,90
2011-12-23,60
2011-12-24,11
2011-12-25,10
2011-12-26,21
2011-12-27,80
2011-12-28,85
2011-12-29,84
2011-12-30,81
2011-12-31,25
2012-01-01,14
2012-01-02,27
2012-01-03,97
2012-01-04,106
2012-01-05,172
2012-01-06,205
2012-01-07,74
2012-01-08,48
2012-01-09,141
2012-01-10,142
2012-01-11,151
2012-01-12,106
2012-01-13,136
2012-01-14,42
2012-01-15,25
2012-01-16,54
2012-01-17,143
2012-01-18,148
2012-01-19,107
2012-01-20,92
2012-01-21,39
2012-01-22,46
2012-01-23,96
2012-01-24,155
2012-01-25,194
2012-01-26,193
2012-01-27,128
2012-01-28,34
2012-01-29,26
2012-01-30,136
2012-01-31,153
2012-02-01,157
2012-02-02,166
2012-02-03,146
2012-02-04,36
2012-02-05,33
2012-02-06,120
2012-02-07,174
2012-02-08,169
2012-02-09,178
2012-02-10,146
2012-02-11,40
2012-02-12,31
2012-02-13,149
2012-02-14,137
2012-02-15,154
2012-02-16,167
2012-02-17,208
2012-02-18,42
2012-02-19,22
2012-02-20,55
2012-02-21,143
2012-02-22,176
2012-02-23,176
2012-02-24,142
2012-02-25,41
2012-02-26,35
2012-02-27,130
2012-02-28,180
2012-02-29,156
2012-03-01,227
2012-03-02,197
2012-03-03,46
2012-03-04,58
2012-03-05,395
2012-03-06,351
2012-03-07,379
2012-03-08,251
2012-03-09,222
2012-03-10,106
2012-03-11,138
2012-03-12,272
2012-03-13,236
2012-03-14,291
2012-03-15,281
2012-03-16,146
2012-03-17,39
2012-03-18,23
2012-03-19,192
2012-03-20,214
2012-03-21,242
2012-03-22,280
2012-03-23,165
2012-03-24,46
2012-03-25,102
2012-03-26,345
2012-03-27,301
2012-03-28,244
2012-03-29,245
2012-03-30,161
2012-03-31,35
2012-04-01,43
2012-04-02,296
2012-04-03,236
2012-04-04,241
2012-04-05,249
2012-04-06,151
2012-04-07,30
2012-04-08,27
2012-04-09,309
2012-04-10,279
2012-04-11,342
2012-04-12,303
2012-04-13,205
2012-04-14,47
2012-04-15,25
2012-04-16,311
2012-04-17,242
2012-04-18,233
2012-04-19,310
2012-04-20,190
2012-04-21,47
2012-04-22,39
2012-04-23,213
2012-04-24,237
2012-04-25,299
2012-04-26,223
2012-04-27,243
2012-04-28,35
2012-04-29,59
2012-04-30,239
2012-05-01,223
2012-05-02,284
2012-05-03,310
2012-05-04,149
2012-05-05,108
2012-05-06,29
2012-05-07,241
2012-05-08,275
2012-05-09,246
2012-05-10,254
2012-05-11,218
2012-05-12,26
2012-05-13,18
2012-05-14,282
2012-05-15,629
2012-05-16,288
2012-05-17,582
2012-05-18,434
2012-05-19,306
2012-05-20,317
2012-05-21,456
2012-05-22,202
2012-05-23,175
2012-05-24,226
2012-05-25,135
2012-05-26,35
2012-05-27,19
2012-05-28,25
2012-05-29,262
2012-05-30,349
2012-05-31,514
2012-06-01,417
2012-06-02,173
2012-06-03,28
2012-06-04,556
2012-06-05,493
2012-06-06,447
2012-06-07,341
2012-06-08,342
2012-06-09,51
2012-06-10,31
2012-06-11,293
2012-06-12,216
2012-06-13,394
2012-06-14,296
2012-06-15,506
2012-06-16,35
2012-06-17,43
2012-06-18,286
2012-06-19,514
2012-06-20,363
2012-06-21,356
2012-06-22,233
2012-06-23,66
2012-06-24,41
2012-06-25,238
2012-06-26,303
2012-06-27,271
2012-06-28,249
2012-06-29,212
2012-06-30,47
2012-07-01,30
2012-07-02,214
2012-07-03,266
2012-07-04,34
2012-07-05,291
2012-07-06,257
2012-07-07,49
2012-07-08,48
2012-07-09,342
2012-07-10,339
2012-07-11,309
2012-07-12,285
2012-07-13,239
2012-07-14,41
2012-07-15,34
2012-07-16,283
2012-07-17,395
2012-07-18,367
2012-07-19,241
2012-07-20,292
2012-07-21,69
2012-07-22,56
2012-07-23,423
2012-07-24,290
2012-07-25,257
2012-07-26,340
2012-07-27,206
2012-07-28,48
2012-07-29,37
2012-07-30,275
2012-07-31,398
2012-08-01,299
2012-08-02,340
2012-08-03,295
2012-08-04,48
2012-08-05,25
2012-08-06,295
2012-08-07,443
2012-08-08,286
2012-08-09,277
2012-08-10,297
2012-08-11,58
2012-08-12,35
2012-08-13,254
2012-08-14,317
2012-08-15,299
2012-08-16,268
2012-08-17,205
2012-08-18,45
2012-08-19,37
2012-08-20,275
2012-08-21,292
2012-08-22,232
2012-08-23,304
2012-08-24,244
2012-08-25,70
2012-08-26,30
2012-08-27,269
2012-08-28,267
2012-08-29,347
2012-08-30,249
2012-08-31,175
2012-09-01,38
2012-09-02,20
2012-09-03,27
2012-09-04,251
2012-09-05,266
2012-09-06,251
2012-09-07,193
2012-09-08,54
2012-09-09,38
2012-09-10,326
2012-09-11,241
2012-09-12,266
2012-09-13,298
2012-09-14,269
2012-09-15,52
2012-09-16,40
2012-09-17,258
2012-09-18,299
2012-09-19,315
2012-09-20,250
2012-09-21,212
2012-09-22,32
2012-09-23,33
2012-09-24,272
2012-09-25,292
2012-09-26,258
2012-09-27,273
2012-09-28,276
2012-09-29,59
2012-09-30,34
2012-10-01,262
2012-10-02,302
2012-10-03,285
2012-10-04,225
2012-10-05,217
2012-10-06,38
2012-10-07,85
2012-10-08,87
2012-10-09,273
2012-10-10,253
2012-10-11,287
2012-10-12,275
2012-10-13,37
2012-10-14,63
2012-10-15,241
2012-10-16,333
2012-10-17,317
2012-10-18,284
2012-10-19,221
2012-10-20,47
2012-10-21,34
2012-10-22,311
2012-10-23,306
2012-10-24,335
2012-10-25,289
2012-10-26,279
2012-10-27,143
2012-10-28,69
2012-10-29,265
2012-10-30,284
2012-10-31,294
2012-11-01,295
2012-11-02,252
2012-11-03,59
2012-11-04,74
2012-11-05,254
2012-11-06,287
2012-11-07,267
2012-11-08,258
2012-11-09,208
2012-11-10,81
2012-11-11,51
2012-11-12,97
2012-11-13,274
2012-11-14,275
2012-11-15,368
2012-11-16,258
2012-11-17,92
2012-11-18,53
2012-11-19,233
2012-11-20,373
2012-11-21,279
2012-11-22,71
2012-11-23,121
2012-11-24,59
2012-11-25,59
2012-11-26,284
2012-11-27,366
2012-11-28,309
2012-11-29,249
2012-11-30,233
2012-12-01,50
2012-12-02,38
2012-12-03,226
2012-12-04,263
2012-12-05,248
2012-12-06,235
2012-12-07,218
2012-12-08,70
2012-12-09,38
2012-12-10,214
2012-12-11,240
2012-12-12,352
2012-12-13,277
2012-12-14,225
2012-12-15,64
2012-12-16,48
2012-12-17,187
2012-12-18,347
2012-12-19,462
2012-12-20,442
2012-12-21,368
2012-12-22,124
2012-12-23,31
2012-12-24,214
2012-12-25,160
2012-12-26,164
2012-12-27,272
2012-12-28,307
2012-12-29,85
2012-12-30,48
2012-12-31,221
2013-01-01,83
2013-01-02,199
2013-01-03,357
2013-01-04,307
2013-01-05,90
2013-01-06,52
2013-01-07,236
2013-01-08,585
2013-01-09,467
2013-01-10,395
2013-01-11,527
2013-01-12,186
2013-01-13,61
2013-01-14,470
2013-01-15,539
2013-01-16,519
2013-01-17,471
2013-01-18,450
2013-01-19,132
2013-01-20,56
2013-01-21,97
2013-01-22,389
2013-01-23,406
2013-01-24,463
2013-01-25,401
2013-01-26,181
2013-01-27,63
2013-01-28,322
2013-01-29,426
2013-01-30,368
2013-01-31,443
2013-02-01,473
2013-02-02,119
2013-02-03,55
2013-02-04,394
2013-02-05,424
2013-02-06,383
2013-02-07,574
2013-02-08,455
2013-02-09,130
2013-02-10,49
2013-02-11,447
2013-02-12,427
2013-02-13,409
2013-02-14,373
2013-02-15,339
2013-02-16,134
2013-02-17,64
2013-02-18,111
2013-02-19,353
2013-02-20,485
2013-02-21,358
2013-02-22,473
2013-02-23,34
2013-02-24,51
2013-02-25,308
2013-02-26,374
2013-02-27,315
2013-02-28,238
2013-03-01,417
2013-03-02,75
2013-03-03,66
2013-03-04,408
2013-03-05,364
2013-03-06,465
2013-03-07,400
2013-03-08,408
2013-03-09,113
2013-03-10,49
2013-03-11,309
2013-03-12,351
2013-03-13,363
2013-03-14,382
2013-03-15,363
2013-03-16,58
2013-03-17,57
2013-03-18,387
2013-03-19,409
2013-03-20,393
2013-03-21,382
2013-03-22,265
2013-03-23,82
2013-03-24,76
2013-03-25,431
2013-03-26,374
2013-03-27,290
2013-03-28,441
2013-03-29,474
2013-03-30,83
2013-03-31,49
2013-04-01,370
2013-04-02,378
2013-04-03,374
2013-04-04,298
2013-04-05,350
2013-04-06,66
2013-04-07,89
2013-04-08,409
2013-04-09,485
2013-04-10,370
2013-04-11,341
2013-04-12,305
2013-04-13,87
2013-04-14,70
2013-04-15,375
2013-04-16,391
2013-04-17,427
2013-04-18,278
2013-04-19,321
2013-04-20,65
2013-04-21,68
2013-04-22,350
2013-04-23,367
2013-04-24,414
2013-04-25,361
2013-04-26,350
2013-04-27,72
2013-04-28,87
2013-04-29,403
2013-04-30,311
2013-05-01,335
2013-05-02,284
2013-05-03,334
2013-05-04,71
2013-05-05,58
2013-05-06,390
2013-05-07,396
2013-05-08,389
2013-05-09,352
2013-05-10,344
2013-05-11,84
2013-05-12,58
2013-05-13,327
2013-05-14,368
2013-05-15,386
2013-05-16,328
2013-05-17,277
2013-05-18,77
2013-05-19,41
2013-05-20,359
2013-05-21,378
2013-05-22,421
2013-05-23,381
2013-05-24,261
2013-05-25,70
2013-05-26,47
2013-05-27,105
2013-05-28,271
2013-05-29,396
2013-05-30,327
2013-05-31,255
2013-06-01,139
2013-06-02,64
2013-06-03,403
2013-06-04,352
2013-06-05,315
2013-06-06,354
2013-06-07,308
2013-06-08,95
2013-06-09,52
2013-06-10,299
2013-06-11,344
2013-06-12,332
2013-06-13,315
2013-06-14,364
2013-06-15,146
2013-06-16,90
2013-06-17,367
2013-06-18,361
2013-06-19,348
2013-06-20,418
2013-06-21,360
2013-06-22,152
2013-06-23,62
2013-06-24,303
2013-06-25,336
2013-06-26,371
2013-06-27,405
2013-06-28,381
2013-06-29,141
2013-06-30,58
2013-07-01,310
2013-07-02,250
2013-07-03,247
2013-07-04,73
2013-07-05,206
2013-07-06,121
2013-07-07,57
2013-07-08,401
2013-07-09,392
2013-07-10,500
2013-07-11,455
2013-07-12,420
2013-07-13,106
2013-07-14,56
2013-07-15,478
2013-07-16,352
2013-07-17,499
2013-07-18,426
2013-07-19,419
2013-07-20,85
2013-07-21,70
2013-07-22,344
2013-07-23,387
2013-07-24,458
2013-07-25,374
2013-07-26,379
2013-07-27,107
2013-07-28,69
2013-07-29,416
2013-07-30,341
2013-07-31,473
2013-08-01,404
2013-08-02,343
2013-08-03,148
2013-08-04,60
2013-08-05,397
2013-08-06,351
2013-08-07,415
2013-08-08,392
2013-08-09,458
2013-08-10,181
2013-08-11,80
2013-08-12,448
2013-08-13,346
2013-08-14,412
2013-08-15,368
2013-08-16,342
2013-08-17,138
2013-08-18,82
2013-08-19,401
2013-08-20,367
2013-08-21,351
2013-08-22,318
2013-08-23,362
2013-08-24,214
2013-08-25,96
2013-08-26,396
2013-08-27,380
2013-08-28,478
2013-08-29,382
2013-08-30,357
2013-08-31,98
2013-09-01,76
2013-09-02,84
2013-09-03,324
2013-09-04,380
2013-09-05,485
2013-09-06,410
2013-09-07,160
2013-09-08,79
2013-09-09,433
2013-09-10,457
2013-09-11,438
2013-09-12,416
2013-09-13,375
2013-09-14,109
2013-09-15,90
2013-09-16,470
2013-09-17,407
2013-09-18,504
2013-09-19,455
2013-09-20,425
2013-09-21,141
2013-09-22,90
2013-09-23,366
2013-09-24,506
2013-09-25,419
2013-09-26,405
2013-09-27,410
2013-09-28,161
2013-09-29,110
2013-09-30,451
2013-10-01,408
2013-10-02,345
2013-10-03,358
2013-10-04,268
2013-10-05,85
2013-10-06,75
2013-10-07,315
2013-10-08,363
2013-10-09,315
2013-10-10,274
2013-10-11,288
2013-10-12,78
2013-10-13,46
2013-10-14,133
2013-10-15,322
2013-10-16,335
2013-10-17,405
2013-10-18,361
2013-10-19,136
2013-10-20,102
2013-10-21,340
2013-10-22,498
2013-10-23,446
2013-10-24,455
2013-10-25,375
2013-10-26,119
2013-10-27,94
2013-10-28,458
2013-10-29,523
2013-10-30,498
2013-10-31,423
2013-11-01,461
2013-11-02,147
2013-11-03,81
2013-11-04,457
2013-11-05,508
2013-11-06,449
2013-11-07,410
2013-11-08,375
2013-11-09,142
2013-11-10,106
2013-11-11,193
2013-11-12,418
2013-11-13,531
2013-11-14,465
2013-11-15,403
2013-11-16,149
2013-11-17,91
2013-11-18,401
2013-11-19,482
2013-11-20,418
2013-11-21,411
2013-11-22,349
2013-11-23,136
2013-11-24,85
2013-11-25,480
2013-11-26,410
2013-11-27,373
2013-11-28,92
2013-11-29,208
2013-11-30,88
2013-12-01,87
2013-12-02,390
2013-12-03,453
2013-12-04,414
2013-12-05,392
2013-12-06,360
2013-12-07,106
2013-12-08,81
2013-12-09,352
2013-12-10,446
2013-12-11,432
2013-12-12,441
2013-12-13,399
2013-12-14,123
2013-12-15,88
2013-12-16,398
2013-12-17,450
2013-12-18,440
2013-12-19,402
2013-12-20,374
2013-12-21,179
2013-12-22,101
2013-12-23,380
2013-12-24,285
2013-12-25,56
2013-12-26,359
2013-12-27,424
2013-12-28,131
2013-12-29,134
2013-12-30,424
2013-12-31,373
2014-01-01,98
2014-01-02,395
2014-01-03,399
2014-01-04,178
2014-01-05,86
2014-01-06,403
2014-01-07,506
2014-01-08,502
2014-01-09,600
2014-01-10,509
2014-01-11,307
2014-01-12,132
2014-01-13,484
2014-01-14,531
2014-01-15,542
2014-01-16,539
2014-01-17,546
2014-01-18,193
2014-01-19,125
2014-01-20,257
2014-01-21,499
2014-01-22,647
2014-01-23,658
2014-01-24,533
2014-01-25,219
2014-01-26,162
2014-01-27,421
2014-01-28,497
2014-01-29,545
2014-01-30,565
2014-01-31,539
2014-02-01,173
2014-02-02,140
2014-02-03,409
2014-02-04,619
2014-02-05,535
2014-02-06,595
2014-02-07,557
2014-02-08,259
2014-02-09,213
2014-02-10,614
2014-02-11,599
2014-02-12,554
2014-02-13,644
2014-02-14,586
2014-02-15,193
2014-02-16,121
2014-02-17,262
2014-02-18,501
2014-02-19,624
2014-02-20,596
2014-02-21,683
2014-02-22,290
2014-02-23,169
2014-02-24,544
2014-02-25,542
2014-02-26,688
2014-02-27,678
2014-02-28,660
2014-03-01,241
2014-03-02,128
2014-03-03,481
2014-03-04,557
2014-03-05,643
2014-03-06,612
2014-03-07,611
2014-03-08,176
2014-03-09,5
2014-03-10,469
2014-03-11,619
2014-03-12,649
2014-03-13,608
2014-03-14,607
2014-03-15,257
2014-03-16,172
2014-03-17,549
2014-03-18,616
2014-03-19,609
2014-03-20,580
2014-03-21,538
2014-03-22,199
2014-03-23,140
2014-03-24,531
2014-03-25,580
2014-03-26,704
2014-03-27,625
2014-03-28,559
2014-03-29,201
2014-03-30,140
2014-03-31,537
2014-04-01,578
2014-04-02,590
2014-04-03,603
2014-04-04,500
2014-04-05,234
2014-04-06,121
2014-04-07,564
2014-04-08,536
2014-04-09,580
2014-04-10,674
2014-04-11,582
2014-04-12,189
2014-04-13,113
2014-04-14,491
2014-04-15,582
2014-04-16,603
2014-04-17,590
2014-04-18,485
2014-04-19,57
2014-04-20,78
2014-04-21,527
2014-04-22,586
2014-04-23,702
2014-04-24,581
2014-04-25,556
2014-04-26,162
2014-04-27,122
2014-04-28,578
2014-04-29,589
2014-04-30,687
2014-05-01,505
2014-05-02,477
2014-05-03,127
2014-05-04,116
2014-05-05,484
2014-05-06,562
2014-05-07,662
2014-05-08,461
2014-05-09,469
2014-05-10,121
2014-05-11,87
2014-05-12,587
2014-05-13,522
2014-05-14,615
2014-05-15,525
2014-05-16,478
2014-05-17,153
2014-05-18,107
2014-05-19,481
2014-05-20,539
2014-05-21,596
2014-05-22,490
2014-05-23,439
2014-05-24,119
2014-05-25,121
2014-05-26,92
2014-05-27,482
2014-05-28,562
2014-05-29,625
2014-05-30,432
2014-05-31,131
2014-06-01,137
2014-06-02,469
2014-06-03,527
2014-06-04,566
2014-06-05,518
2014-06-06,467
2014-06-07,135
2014-06-08,106
2014-06-09,438
2014-06-10,500
2014-06-11,571
2014-06-12,612
2014-06-13,558
2014-06-14,156
2014-06-15,98
2014-06-16,498
2014-06-17,540
2014-06-18,576
2014-06-19,560
2014-06-20,526
2014-06-21,157
2014-06-22,91
2014-06-23,499
2014-06-24,554
2014-06-25,461
2014-06-26,916
2014-06-27,475
2014-06-28,159
2014-06-29,120
2014-06-30,530
2014-07-01,549
2014-07-02,602
2014-07-03,502
2014-07-04,111
2014-07-05,95
2014-07-06,111
2014-07-07,643
2014-07-08,595
2014-07-09,608
2014-07-10,563
2014-07-11,464
2014-07-12,155
2014-07-13,47
2014-07-14,566
2014-07-15,600
2014-07-16,586
2014-07-17,565
2014-07-18,424
2014-07-19,178
2014-07-20,141
2014-07-21,528
2014-07-22,550
2014-07-23,551
2014-07-24,604
2014-07-25,521
2014-07-26,178
2014-07-27,124
2014-07-28,529
2014-07-29,566
2014-07-30,641
2014-07-31,518
2014-08-01,515
2014-08-02,169
2014-08-03,116
2014-08-04,573
2014-08-05,607
2014-08-06,658
2014-08-07,654
2014-08-08,441
2014-08-09,174
2014-08-10,139
2014-08-11,554
2014-08-12,652
2014-08-13,596
2014-08-14,544
2014-08-15,475
2014-08-16,171
2014-08-17,117
2014-08-18,522
2014-08-19,622
2014-08-20,633
2014-08-21,579
2014-08-22,506
2014-08-23,222
2014-08-24,141
2014-08-25,346
2014-08-26,616
2014-08-27,593
2014-08-28,546
2014-08-29,456
2014-08-30,137
2014-08-31,112
2014-09-01,106
2014-09-02,510
2014-09-03,520
2014-09-04,674
2014-09-05,446
2014-09-06,170
2014-09-07,99
2014-09-08,510
2014-09-09,526
2014-09-10,569
2014-09-11,538
2014-09-12,554
2014-09-13,148
2014-09-14,124
2014-09-15,540
2014-09-16,506
2014-09-17,528
2014-09-18,529
2014-09-19,453
2014-09-20,142
2014-09-21,124
2014-09-22,566
2014-09-23,542
2014-09-24,540
2014-09-25,624
2014-09-26,503
2014-09-27,159
2014-09-28,117
2014-09-29,599
2014-09-30,499
2014-10-01,598
2014-10-02,538
2014-10-03,538
2014-10-04,173
2014-10-05,113
2014-10-06,566
2014-10-07,526
2014-10-08,558
2014-10-09,458
2014-10-10,471
2014-10-11,160
2014-10-12,109
2014-10-13,244
2014-10-14,557
2014-10-15,502
2014-10-16,618
2014-10-17,481
2014-10-18,163
2014-10-19,142
2014-10-20,518
2014-10-21,579
2014-10-22,557
2014-10-23,546
2014-10-24,503
2014-10-25,140
2014-10-26,115
2014-10-27,536
2014-10-28,475
2014-10-29,557
2014-10-30,493
2014-10-31,367
2014-11-01,147
2014-11-02,134
2014-11-03,445
2014-11-04,507
2014-11-05,632
2014-11-06,513
2014-11-07,535
2014-11-08,178
2014-11-09,123
2014-11-10,471
2014-11-11,354
2014-11-12,476
2014-11-13,569
2014-11-14,561
2014-11-15,190
2014-11-16,118
2014-11-17,514
2014-11-18,615
2014-11-19,634
2014-11-20,548
2014-11-21,512
2014-11-22,190
2014-11-23,133
2014-11-24,519
2014-11-25,516
2014-11-26,521
2014-11-27,111
2014-11-28,235
2014-11-29,146
2014-11-30,110
2014-12-01,427
2014-12-02,514
2014-12-03,496
2014-12-04,572
2014-12-05,455
2014-12-06,174
2014-12-07,106
2014-12-08,469
2014-12-09,522
2014-12-10,568
2014-12-11,505
2014-12-12,451
2014-12-13,155
2014-12-14,132
2014-12-15,445
2014-12-16,513
2014-12-17,526
2014-12-18,537
2014-12-19,421
2014-12-20,158
2014-12-21,97
2014-12-22,498
2014-12-23,543
2014-12-24,356
2014-12-25,62
2014-12-26,208
2014-12-27,128
2014-12-28,142
2014-12-29,468
2014-12-30,602
2014-12-31,434
2015-01-01,138
2015-01-02,405
2015-01-03,193
2015-01-04,143
2015-01-05,510
2015-01-06,498
2015-01-07,572
2015-01-08,480
2015-01-09,434
2015-01-10,195
2015-01-11,148
2015-01-12,456
2015-01-13,561
2015-01-14,475
2015-01-15,541
2015-01-16,447
2015-01-17,191
2015-01-18,117
2015-01-19,253
2015-01-20,524
2015-01-21,628
2015-01-22,595
2015-01-23,649
2015-01-24,237
2015-01-25,130
2015-01-26,552
2015-01-27,656
2015-01-28,629
2015-01-29,593
2015-01-30,476
2015-01-31,201
2015-02-01,123
2015-02-02,510
2015-02-03,593
2015-02-04,622
2015-02-05,611
2015-02-06,586
2015-02-07,215
2015-02-08,158
2015-02-09,547
2015-02-10,573
2015-02-11,604
2015-02-12,593
2015-02-13,485
2015-02-14,209
2015-02-15,159
2015-02-16,303
2015-02-17,511
2015-02-18,655
2015-02-19,627
2015-02-20,573
2015-02-21,212
2015-02-22,152
2015-02-23,560
2015-02-24,585
2015-02-25,623
2015-02-26,618
2015-02-27,468
2015-02-28,205
2015-03-01,173
2015-03-02,533
2015-03-03,537
2015-03-04,552
2015-03-05,595
2015-03-06,543
2015-03-07,198
2015-03-08,132
2015-03-09,587
2015-03-10,611
2015-03-11,599
2015-03-12,580
2015-03-13,526
2015-03-14,167
2015-03-15,154
2015-03-16,597
2015-03-17,615
2015-03-18,614
2015-03-19,726
2015-03-20,580
2015-03-21,183
2015-03-22,147
2015-03-23,618
2015-03-24,650
2015-03-25,639
2015-03-26,640
2015-03-27,529
2015-03-28,199
2015-03-29,144
2015-03-30,529
2015-03-31,617
2015-04-01,602
2015-04-02,523
2015-04-03,501
2015-04-04,164
2015-04-05,92
2015-04-06,553
2015-04-07,608
2015-04-08,569
2015-04-09,557
2015-04-10,484
2015-04-11,189
2015-04-12,125
2015-04-13,547
2015-04-14,597
2015-04-15,520
2015-04-16,572
2015-04-17,469
2015-04-18,165
2015-04-19,144
2015-04-20,589
2015-04-21,661
2015-04-22,663
2015-04-23,614
2015-04-24,528
2015-04-25,158
2015-04-26,154
2015-04-27,546
2015-04-28,594
2015-04-29,664
2015-04-30,601
2015-05-01,575
2015-05-02,194
2015-05-03,131
2015-05-04,564
2015-05-05,621
2015-05-06,588
2015-05-07,595
2015-05-08,514
2015-05-09,170
2015-05-10,123
2015-05-11,546
2015-05-12,662
2015-05-13,627
2015-05-14,682
2015-05-15,594
2015-05-16,182
2015-05-17,143
2015-05-18,518
2015-05-19,663
2015-05-20,717
2015-05-21,622
2015-05-22,555
2015-05-23,140
2015-05-24,118
2015-05-25,156
2015-05-26,556
2015-05-27,645
2015-05-28,594
2015-05-29,565
2015-05-30,186
2015-05-31,136
2015-06-01,558
2015-06-02,630
2015-06-03,625
2015-06-04,590
2015-06-05,603
2015-06-06,169
2015-06-07,110
2015-06-08,549
2015-06-09,619
2015-06-10,659
2015-06-11,645
2015-06-12,580
2015-06-13,158
2015-06-14,129
2015-06-15,566
2015-06-16,675
2015-06-17,552
2015-06-18,602
2015-06-19,570
2015-06-20,202
2015-06-21,101
2015-06-22,507
2015-06-23,577
2015-06-24,669
2015-06-25,628
2015-06-26,578
2015-06-27,196
2015-06-28,171
2015-06-29,668
2015-06-30,631
2015-07-01,569
2015-07-02,560
2015-07-03,256
2015-07-04,124
2015-07-05,112
2015-07-06,670
2015-07-07,688
2015-07-08,827
2015-07-09,759
2015-07-10,656
2015-07-11,260
2015-07-12,188
2015-07-13,708
2015-07-14,669
2015-07-15,707
2015-07-16,615
2015-07-17,512
2015-07-18,220
2015-07-19,202
2015-07-20,562
2015-07-21,718
2015-07-22,649
2015-07-23,646
2015-07-24,597
2015-07-25,215
2015-07-26,159
2015-07-27,617
2015-07-28,630
2015-07-29,631
2015-07-30,641
2015-07-31,553
2015-08-01,239
2015-08-02,186
2015-08-03,607
2015-08-04,673
2015-08-05,730
2015-08-06,725
2015-08-07,482
2015-08-08,280
2015-08-09,193
2015-08-10,518
2015-08-11,625
2015-08-12,818
2015-08-13,566
2015-08-14,499
2015-08-15,184
2015-08-16,185
2015-08-17,555
2015-08-18,698
2015-08-19,629
2015-08-20,601
2015-08-21,521
2015-08-22,230
2015-08-23,200
2015-08-24,607
2015-08-25,723
2015-08-26,912
2015-08-27,963
2015-08-28,663
2015-08-29,185
2015-08-30,168
2015-08-31,601
2015-09-01,633
2015-09-02,649
2015-09-03,565
2015-09-04,484
2015-09-05,202
2015-09-06,118
2015-09-07,208
2015-09-08,540
2015-09-09,681
2015-09-10,734
2015-09-11,611
2015-09-12,204
2015-09-13,146
2015-09-14,632
2015-09-15,610
2015-09-16,631
2015-09-17,545
2015-09-18,521
2015-09-19,188
2015-09-20,155
2015-09-21,534
2015-09-22,715
2015-09-23,751
2015-09-24,622
2015-09-25,570
2015-09-26,173
2015-09-27,151
2015-09-28,518
2015-09-29,609
2015-09-30,636
2015-10-01,597
2015-10-02,478
2015-10-03,179
2015-10-04,187
2015-10-05,615
2015-10-06,608
2015-10-07,584
2015-10-08,642
2015-10-09,486
2015-10-10,209
2015-10-11,106
2015-10-12,321
2015-10-13,612
2015-10-14,759
2015-10-15,634
2015-10-16,635
2015-10-17,155
2015-10-18,151
2015-10-19,597
2015-10-20,634
2015-10-21,707
2015-10-22,628
2015-10-23,657
2015-10-24,259
2015-10-25,164
2015-10-26,601
2015-10-27,632
2015-10-28,630
2015-10-29,642
2015-10-30,554
2015-10-31,233
2015-11-01,139
2015-11-02,508
2015-11-03,621
2015-11-04,564
2015-11-05,622
2015-11-06,575
2015-11-07,207
2015-11-08,198
2015-11-09,581
2015-11-10,681
2015-11-11,359
2015-11-12,617
2015-11-13,605
2015-11-14,215
2015-11-15,146
2015-11-16,526
2015-11-17,640
2015-11-18,625
2015-11-19,602
2015-11-20,508
2015-11-21,196
2015-11-22,182
2015-11-23,491
2015-11-24,530
2015-11-25,589
2015-11-26,133
2015-11-27,386
2015-11-28,171
2015-11-29,170
2015-11-30,507
2015-12-01,542
2015-12-02,666
2015-12-03,556
2015-12-04,478
2015-12-05,182
2015-12-06,135
2015-12-07,530
2015-12-08,594
2015-12-09,591
2015-12-10,515
2015-12-11,527
2015-12-12,198
2015-12-13,151
2015-12-14,496
2015-12-15,577
2015-12-16,536
2015-12-17,493
2015-12-18,431
2015-12-19,199
2015-12-20,135
2015-12-21,572
2015-12-22,608
2015-12-23,389
2015-12-24,252
2015-12-25,94
2015-12-26,118
2015-12-27,122
2015-12-28,477
2015-12-29,576
2015-12-30,646
2015-12-31,498
2016-01-01,142
2016-01-02,167
2016-01-03,155
2016-01-04,503
2016-01-05,604
2016-01-06,572
2016-01-07,611
2016-01-08,451
2016-01-09,210
2016-01-10,166
2016-01-11,584
2016-01-12,709
2016-01-13,623
2016-01-14,721
2016-01-15,614
2016-01-16,282
2016-01-17,162
2016-01-18,297
2016-01-19,579
2016-01-20,656
2016-01-21,657
2016-01-22,518
2016-01-23,250
2016-01-24,159
2016-01-25,514
2016-01-26,769
2016-01-27,666
2016-01-28,621
2016-01-29,530
2016-01-30,204
2016-01-31,144
2016-02-01,570
2016-02-02,660
2016-02-03,614
2016-02-04,520
2016-02-05,576
2016-02-06,215
2016-02-07,163
2016-02-08,573
2016-02-09,689
2016-02-10,650
2016-02-11,670
2016-02-12,561
2016-02-13,188
2016-02-14,155
2016-02-15,335
2016-02-16,557
2016-02-17,735
2016-02-18,698
2016-02-19,589
2016-02-20,227
2016-02-21,147
2016-02-22,559
2016-02-23,790
2016-02-24,656
2016-02-25,658
2016-02-26,466
2016-02-27,229
2016-02-28,147
2016-02-29,543
2016-03-01,751
2016-03-02,719
2016-03-03,634
2016-03-04,563
2016-03-05,239
2016-03-06,188
2016-03-07,521
2016-03-08,669
2016-03-09,631
2016-03-10,567
2016-03-11,680
2016-03-12,229
2016-03-13,152
2016-03-14,595
2016-03-15,759
2016-03-16,687
2016-03-17,709
2016-03-18,606
2016-03-19,241
2016-03-20,200
2016-03-21,622
2016-03-22,686
2016-03-23,675
2016-03-24,685
2016-03-25,583
2016-03-26,176
2016-03-27,134
2016-03-28,576
2016-03-29,716
2016-03-30,745
2016-03-31,673
2016-04-01,607
2016-04-02,184
2016-04-03,168
2016-04-04,592
2016-04-05,681
2016-04-06,773
2016-04-07,653
2016-04-08,600
2016-04-09,224
2016-04-10,175
2016-04-11,714
2016-04-12,774
2016-04-13,650
2016-04-14,643
2016-04-15,687
2016-04-16,225
2016-04-17,180
2016-04-18,584
2016-04-19,663
2016-04-20,719
2016-04-21,658
2016-04-22,567
2016-04-23,195
2016-04-24,165
2016-04-25,565
2016-04-26,731
2016-04-27,695
2016-04-28,715
2016-04-29,627
2016-04-30,193
2016-05-01,181
2016-05-02,673
2016-05-03,756
2016-05-04,647
2016-05-05,691
2016-05-06,514
2016-05-07,213
2016-05-08,176
2016-05-09,605
2016-05-10,742
2016-05-11,796
2016-05-12,641
2016-05-13,534
2016-05-14,211
2016-05-15,178
2016-05-16,605
2016-05-17,650
2016-05-18,726
2016-05-19,662
2016-05-20,558
2016-05-21,192
2016-05-22,185
2016-05-23,561
2016-05-24,712
2016-05-25,779
2016-05-26,694
2016-05-27,563
2016-05-28,195
2016-05-29,122
2016-05-30,187
2016-05-31,568
2016-06-01,619
2016-06-02,668
2016-06-03,666
2016-06-04,203
2016-06-05,187
2016-06-06,648
2016-06-07,701
2016-06-08,752
2016-06-09,659
2016-06-10,659
2016-06-11,184
2016-06-12,205
2016-06-13,540
2016-06-14,675
2016-06-15,712
2016-06-16,645
2016-06-17,565
2016-06-18,221
2016-06-19,136
2016-06-20,638
2016-06-21,728
2016-06-22,641
2016-06-23,720
2016-06-24,548
2016-06-25,230
2016-06-26,183
2016-06-27,572
2016-06-28,747
2016-06-29,735
2016-06-30,676
2016-07-01,547
2016-07-02,223
2016-07-03,157
2016-07-04,190
2016-07-05,570
2016-07-06,914
2016-07-07,743
2016-07-08,600
2016-07-09,234
2016-07-10,200
2016-07-11,568
2016-07-12,653
2016-07-13,835
2016-07-14,658
2016-07-15,628
2016-07-16,249
2016-07-17,175
2016-07-18,526
2016-07-19,735
2016-07-20,640
2016-07-21,636
2016-07-22,662
2016-07-23,258
2016-07-24,195
2016-07-25,665
2016-07-26,899
2016-07-27,847
2016-07-28,750
2016-07-29,675
2016-07-30,200
2016-07-31,210
2016-08-01,568
2016-08-02,788
2016-08-03,782
2016-08-04,721
2016-08-05,559
2016-08-06,234
2016-08-07,204
2016-08-08,664
2016-08-09,800
2016-08-10,677
2016-08-11,814
2016-08-12,631
2016-08-13,245
2016-08-14,186
2016-08-15,612
2016-08-16,862
2016-08-17,711
2016-08-18,677
2016-08-19,596
2016-08-20,226
2016-08-21,177
2016-08-22,583
2016-08-23,805
2016-08-24,678
2016-08-25,666
2016-08-26,541
2016-08-27,258
2016-08-28,196
2016-08-29,651
2016-08-30,805
2016-08-31,776
2016-09-01,600
2016-09-02,488
2016-09-03,196
2016-09-04,145
2016-09-05,184
2016-09-06,623
2016-09-07,789
2016-09-08,771
2016-09-09,813
2016-09-10,249
2016-09-11,189
2016-09-12,686
2016-09-13,851
2016-09-14,793
2016-09-15,758
2016-09-16,625
2016-09-17,259
2016-09-18,201
2016-09-19,657
2016-09-20,914
2016-09-21,822
2016-09-22,842
2016-09-23,669
2016-09-24,290
2016-09-25,261
2016-09-26,701
2016-09-27,888
2016-09-28,799
2016-09-29,835
2016-09-30,686
2016-10-01,290
2016-10-02,213
2016-10-03,829
2016-10-04,853
2016-10-05,811
2016-10-06,788
2016-10-07,624
2016-10-08,210
2016-10-09,207
2016-10-10,422
2016-10-11,827
2016-10-12,750
2016-10-13,832
2016-10-14,730
2016-10-15,313
2016-10-16,246
2016-10-17,686
2016-10-18,785
2016-10-19,714
2016-10-20,743
2016-10-21,703
2016-10-22,248
2016-10-23,196
2016-10-24,641
2016-10-25,796
2016-10-26,789
2016-10-27,723
2016-10-28,640
2016-10-29,295
2016-10-30,207
2016-10-31,709
2016-11-01,713
2016-11-02,784
2016-11-03,815
2016-11-04,622
2016-11-05,205
2016-11-06,242
2016-11-07,617
2016-11-08,713
2016-11-09,686
2016-11-10,583
2016-11-11,410
2016-11-12,228
2016-11-13,212
2016-11-14,685
2016-11-15,661
2016-11-16,724
2016-11-17,663
2016-11-18,571
2016-11-19,219
2016-11-20,184
2016-11-21,616
2016-11-22,696
2016-11-23,588
2016-11-24,160
2016-11-25,291
2016-11-26,224
2016-11-27,173
2016-11-28,595
2016-11-29,566
2016-11-30,761
2016-12-01,703
2016-12-02,581
2016-12-03,224
2016-12-04,250
2016-12-05,634
2016-12-06,788
2016-12-07,736
2016-12-08,591
2016-12-09,560
2016-12-10,222
2016-12-11,171
2016-12-12,717
2016-12-13,769
2016-12-14,599
2016-12-15,614
2016-12-16,714
2016-12-17,293
2016-12-18,207
2016-12-19,653
2016-12-20,733
2016-12-21,691
2016-12-22,585
2016-12-23,448
2016-12-24,131
2016-12-25,86
2016-12-26,203
2016-12-27,546
2016-12-28,653
2016-12-29,586
2016-12-30,468
2016-12-31,185
2017-01-01,105
2017-01-02,299
2017-01-03,604
2017-01-04,789
2017-01-05,718
2017-01-06,656
2017-01-07,257
2017-01-08,232
2017-01-09,585
2017-01-10,744
2017-01-11,744
2017-01-12,603
2017-01-13,691
2017-01-14,297
2017-01-15,219
2017-01-16,332
2017-01-17,625
2017-01-18,900
2017-01-19,2070
2017-01-20,1633
2017-01-21,559
2017-01-22,360
2017-01-23,973
2017-01-24,1126
2017-01-25,914
2017-01-26,1028
2017-01-27,798
2017-01-28,306
2017-01-29,229
2017-01-30,707
2017-01-31,902
2017-02-01,835
2017-02-02,892
2017-02-03,870
2017-02-04,396
2017-02-05,330
2017-02-06,751
2017-02-07,953
2017-02-08,913
2017-02-09,804
2017-02-10,765
2017-02-11,355
2017-02-12,313
2017-02-13,730
2017-02-14,764
2017-02-15,917
2017-02-16,765
2017-02-17,722
2017-02-18,286
2017-02-19,249
2017-02-20,431
2017-02-21,768
2017-02-22,727
2017-02-23,776
2017-02-24,733
2017-02-25,330
2017-02-26,280
2017-02-27,637
2017-02-28,818
2017-03-01,829
2017-03-02,743
2017-03-03,619
2017-03-04,294
2017-03-05,207
2017-03-06,676
2017-03-07,911
2017-03-08,823
2017-03-09,779
2017-03-10,659
2017-03-11,271
2017-03-12,189
2017-03-13,669
2017-03-14,959
2017-03-15,851
2017-03-16,801
2017-03-17,697
2017-03-18,284
2017-03-19,262
2017-03-20,640
2017-03-21,883
2017-03-22,888
2017-03-23,725
2017-03-24,678
2017-03-25,277
2017-03-26,267
2017-03-27,759
2017-03-28,794
2017-03-29,815
2017-03-30,766
2017-03-31,746
2017-04-01,299
2017-04-02,205
2017-04-03,720
2017-04-04,914
2017-04-05,913
2017-04-06,769
2017-04-07,679
2017-04-08,295
2017-04-09,323
2017-04-10,782
2017-04-11,816
2017-04-12,852
2017-04-13,687
2017-04-14,726
2017-04-15,319
2017-04-16,216
2017-04-17,649
2017-04-18,815
2017-04-19,930
2017-04-20,825
2017-04-21,744
2017-04-22,9
2017-04-24,792
2017-04-25,961
2017-04-26,1072
2017-04-27,849
2017-04-28,727
2017-04-29,348
2017-04-30,308
2017-05-01,691
2017-05-02,879
2017-05-03,910
2017-05-04,876
2017-05-05,837
2017-05-06,295
2017-05-07,247
2017-05-08,808
2017-05-09,919
2017-05-10,785
2017-05-11,655
2017-05-12,607
2017-05-13,287
2017-05-14,188
2017-05-15,651
2017-05-16,872
2017-05-17,758
2017-05-18,727
2017-05-19,742
2017-05-20,318
2017-05-21,296
2017-05-22,732
2017-05-23,819
2017-05-24,787
2017-05-25,647
2017-05-26,702
2017-05-27,300
2017-05-28,202
2017-05-29,246
2017-05-30,696
2017-05-31,824
2017-06-01,799
2017-06-02,684
2017-06-03,349
2017-06-04,245
2017-06-05,594
2017-06-06,795
2017-06-07,732
2017-06-08,742
2017-06-09,695
2017-06-10,298
2017-06-11,225
2017-06-12,682
2017-06-13,762
2017-06-14,739
2017-06-15,728
2017-06-16,679
2017-06-17,285
2017-06-18,226
2017-06-19,817
2017-06-20,897
2017-06-21,937
2017-06-22,731
2017-06-23,666
2017-06-24,260
2017-06-25,264
2017-06-26,700
2017-06-27,869
2017-06-28,841
2017-06-29,755
2017-06-30,569
2017-07-01,260
2017-07-02,302
2017-07-03,602
2017-07-04,331
2017-07-05,765
2017-07-06,810
2017-07-07,808
2017-07-08,335
2017-07-09,299
2017-07-10,784
2017-07-11,799
2017-07-12,998
2017-07-13,927
2017-07-14,823
2017-07-15,374
2017-07-16,321
2017-07-17,913
2017-07-18,950
2017-07-19,832
2017-07-20,732
2017-07-21,872
2017-07-22,350
2017-07-23,330
2017-07-24,815
2017-07-25,907
2017-07-26,964
2017-07-27,895
2017-07-28,808
2017-07-29,386
2017-07-30,351
2017-07-31,789
2017-08-01,1024
2017-08-02,898
2017-08-03,898
2017-08-04,726
2017-08-05,346
2017-08-06,249
2017-08-07,799
2017-08-08,921
2017-08-09,864
2017-08-10,877
2017-08-11,810
2017-08-12,381
2017-08-13,397
2017-08-14,843
2017-08-15,861
2017-08-16,876
2017-08-17,821
2017-08-18,731
2017-08-19,301
2017-08-20,253
2017-08-21,771
2017-08-22,852
2017-08-23,761
2017-08-24,794
2017-08-25,714
2017-08-26,258
2017-08-27,230
2017-08-28,795
2017-08-29,783
2017-08-30,836
2017-08-31,732
2017-09-01,576
2017-09-02,302
2017-09-03,248
2017-09-04,298
2017-09-05,653
2017-09-06,756
2017-09-07,750
2017-09-08,3553
2017-09-09,2709
2017-09-10,663
2017-09-11,1177
2017-09-12,1230
2017-09-13,1600
2017-09-14,1152
2017-09-15,958
2017-09-16,439
2017-09-17,364
2017-09-18,877
2017-09-19,978
2017-09-20,892
2017-09-21,867
2017-09-22,860
2017-09-23,352
2017-09-24,382
2017-09-25,711
2017-09-26,1016
2017-09-27,927
2017-09-28,886
2017-09-29,772
2017-09-30,405
2017-10-01,323
2017-10-02,753
2017-10-03,908
2017-10-04,905
2017-10-05,861
2017-10-06,721
2017-10-07,345
2017-10-08,304
2017-10-09,615
2017-10-10,789
2017-10-11,838
2017-10-12,877
2017-10-13,726
2017-10-14,284
2017-10-15,310
2017-10-16,828
2017-10-17,891
2017-10-18,789
2017-10-19,804
2017-10-20,714
2017-10-21,319
2017-10-22,315
2017-10-23,854
2017-10-24,899
2017-10-25,860
2017-10-26,781
2017-10-27,678
2017-10-28,316
2017-10-29,278
2017-10-30,787
2017-10-31,783
2017-11-01,653
2017-11-02,836
2017-11-03,808
2017-11-04,319
2017-11-05,261
2017-11-06,828
2017-11-07,883
2017-11-08,787
2017-11-09,788
2017-11-10,587
2017-11-11,340
2017-11-12,364
2017-11-13,750
2017-11-14,847
2017-11-15,761
2017-11-16,908
2017-11-17,767
2017-11-18,418
2017-11-19,286
2017-11-20,712
2017-11-21,723
2017-11-22,638
2017-11-23,262
2017-11-24,407
2017-11-25,278
2017-11-26,246
2017-11-27,774
2017-11-28,889
2017-11-29,1016
2017-11-30,853
2017-12-01,755
2017-12-02,312
2017-12-03,280
2017-12-04,672
2017-12-05,771
2017-12-06,895
2017-12-07,807
2017-12-08,855
2017-12-09,419
2017-12-10,370
2017-12-11,757
2017-12-12,928
2017-12-13,780
2017-12-14,840
2017-12-15,796
2017-12-16,349
2017-12-17,379
2017-12-18,760
2017-12-19,866
2017-12-20,815
2017-12-21,767
2017-12-22,637
2017-12-23,306
2017-12-24,157
2017-12-25,169
2017-12-26,600
2017-12-27,757
2017-12-28,767
2017-12-29,834
2017-12-30,386
2017-12-31,247
2018-01-01,270
2018-01-02,740
2018-01-03,990
2018-01-04,896
2018-01-05,831
2018-01-06,384
2018-01-07,389
2018-01-08,918
2018-01-09,967
2018-01-10,904
2018-01-11,855
2018-01-12,933
2018-01-13,509
2018-01-14,451
2018-01-15,637
2018-01-16,977
2018-01-17,956
2018-01-18,1017
2018-01-19,984
2018-01-20,426
2018-01-21,405
2018-01-22,824
2018-01-23,922
2018-01-24,900
2018-01-25,1005
2018-01-26,822
2018-01-27,481
2018-01-28,354
2018-01-29,863
2018-01-30,1019
2018-01-31,1017
2018-02-01,979
2018-02-02,797
2018-02-03,467
2018-02-04,370
2018-02-05,780
2018-02-06,962
2018-02-07,1062
2018-02-08,925
2018-02-09,926
2018-02-10,476
2018-02-11,470
2018-02-12,1046
2018-02-13,1037
2018-02-14,839
2018-02-15,906
2018-02-16,843
2018-02-17,383
2018-02-18,385
2018-02-19,602
2018-02-20,891
2018-02-21,1013
2018-02-22,1072
2018-02-23,916
2018-02-24,498
2018-02-25,506
2018-02-26,867
2018-02-27,1026
2018-02-28,932
2018-03-01,919
2018-03-02,868
2018-03-03,431
2018-03-04,400
2018-03-05,836
2018-03-06,1102
2018-03-07,937
2018-03-08,934
2018-03-09,792
2018-03-10,396
2018-03-11,350
2018-03-12,881
2018-03-13,938
2018-03-14,929
2018-03-15,935
2018-03-16,719
2018-03-17,377
2018-03-18,354
2018-03-19,1037
2018-03-20,1004
2018-03-21,914
2018-03-22,1055
2018-03-23,882
2018-03-24,376
2018-03-25,447
2018-03-26,829
2018-03-27,995
2018-03-28,981
2018-03-29,942
2018-03-30,727
2018-03-31,351
2018-04-01,320
2018-04-02,993
2018-04-03,1025
2018-04-04,1056
2018-04-05,1259
2018-04-06,1063
2018-04-07,531
2018-04-08,419
2018-04-09,980
2018-04-10,1177
2018-04-11,1097
2018-04-12,1023
2018-04-13,758
2018-04-14,352
2018-04-15,394
2018-04-16,840
2018-04-17,1021
2018-04-18,946
2018-04-19,992
2018-04-20,967
2018-04-21,370
2018-04-22,336
2018-04-23,915
2018-04-24,1141
2018-04-25,979
2018-04-26,982
2018-04-27,849
2018-04-28,401
2018-04-29,303
2018-04-30,836
2018-05-01,1003
2018-05-02,964
2018-05-03,899
2018-05-04,910
2018-05-05,351
2018-05-06,327
2018-05-07,869
2018-05-08,938
2018-05-09,846
2018-05-10,906
2018-05-11,783
2018-05-12,418
2018-05-13,288
2018-05-14,908
2018-05-15,993
2018-05-16,1069
2018-05-17,886
2018-05-18,686
2018-05-19,346
2018-05-20,338
2018-05-21,754
2018-05-22,936
2018-05-23,954
2018-05-24,850
2018-05-25,643
2018-05-26,324
2018-05-27,295
2018-05-28,317
2018-05-29,741
2018-05-30,917
2018-05-31,878
2018-06-01,704
2018-06-02,373
2018-06-03,322
2018-06-04,895
2018-06-05,1005
2018-06-06,944
2018-06-07,812
2018-06-08,752
2018-06-09,312
2018-06-10,313
2018-06-11,709
2018-06-12,938
2018-06-13,923
2018-06-14,889
2018-06-15,725
2018-06-16,336
2018-06-17,233
2018-06-18,728
2018-06-19,857
2018-06-20,832
2018-06-21,746
2018-06-22,732
2018-06-23,245
2018-06-24,366
2018-06-25,890
2018-06-26,966
2018-06-27,814
2018-06-28,810
2018-06-29,628
2018-06-30,311
2018-07-01,321
2018-07-02,692
2018-07-03,947
2018-07-04,433
2018-07-05,866
2018-07-06,820
2018-07-07,374
2018-07-08,348
2018-07-09,799
2018-07-10,922
2018-07-11,848
2018-07-12,929
2018-07-13,755
2018-07-14,348
2018-07-15,309
2018-07-16,737
2018-07-17,904
2018-07-18,827
2018-07-19,893
2018-07-20,744
2018-07-21,384
2018-07-22,308
2018-07-23,754
2018-07-24,910
2018-07-25,962
2018-07-26,831
2018-07-27,715
2018-07-28,344
2018-07-29,257
2018-07-30,789
2018-07-31,889
2018-08-01,985
2018-08-02,913
2018-08-03,695
2018-08-04,380
2018-08-05,299
2018-08-06,855
2018-08-07,929
2018-08-08,937
2018-08-09,684
2018-08-10,790
2018-08-11,327
2018-08-12,386
2018-08-13,781
2018-08-14,931
2018-08-15,870
2018-08-16,747
2018-08-17,715
2018-08-18,329
2018-08-19,335
2018-08-20,848
2018-08-21,982
2018-08-22,846
2018-08-23,817
2018-08-24,700
2018-08-25,357
2018-08-26,266
2018-08-27,726
2018-08-28,917
2018-08-29,878
2018-08-30,825
2018-08-31,674
2018-09-01,267
2018-09-02,256
2018-09-03,366
2018-09-04,860
2018-09-05,940
2018-09-06,830
2018-09-07,732
2018-09-08,352
2018-09-09,259
2018-09-10,817
2018-09-11,877
2018-09-12,945
2018-09-13,786
2018-09-14,706
2018-09-15,310
2018-09-16,322
2018-09-17,813
2018-09-18,894
2018-09-19,854
2018-09-20,857
2018-09-21,827
2018-09-22,328
2018-09-23,327
2018-09-24,727
2018-09-25,842
2018-09-26,917
2018-09-27,818
2018-09-28,659
2018-09-29,297
2018-09-30,285
2018-10-01,801
2018-10-02,991
2018-10-03,915
2018-10-04,806
2018-10-05,679
2018-10-06,292
2018-10-07,270
2018-10-08,546
2018-10-09,775
2018-10-10,921
2018-10-11,922
2018-10-12,803
2018-10-13,335
2018-10-14,264
2018-10-15,864
2018-10-16,1036
2018-10-17,1005
2018-10-18,846
2018-10-19,775
2018-10-20,336
2018-10-21,313
2018-10-22,803
2018-10-23,854
2018-10-24,936
2018-10-25,772
2018-10-26,787
2018-10-27,341
2018-10-28,319
2018-10-29,885
2018-10-30,914
2018-10-31,795
2018-11-01,844
2018-11-02,765
2018-11-03,355
2018-11-04,307
2018-11-05,712
2018-11-06,913
2018-11-07,934
2018-11-08,812
2018-11-09,728
2018-11-10,280
2018-11-11,212
2018-11-12,557
2018-11-13,771
2018-11-14,879
2018-11-15,896
2018-11-16,795
2018-11-17,365
2018-11-18,240
2018-11-19,657
2018-11-20,863
2018-11-21,675
2018-11-22,272
2018-11-23,365
2018-11-24,352
2018-11-25,278
2018-11-26,813
2018-11-27,925
2018-11-28,844
2018-11-29,866
2018-11-30,777
2018-12-01,372
2018-12-02,306
2018-12-03,705
2018-12-04,818
2018-12-05,740
2018-12-06,883
2018-12-07,746
2018-12-08,318
2018-12-09,300
2018-12-10,696
2018-12-11,857
2018-12-12,905
2018-12-13,843
2018-12-14,728
2018-12-15,364
2018-12-16,271
2018-12-17,727
2018-12-18,923
2018-12-19,851
2018-12-20,795
2018-12-21,735
2018-12-22,279
2018-12-23,245
2018-12-24,414
2018-12-25,190
2018-12-26,778
2018-12-27,907
2018-12-28,723
2018-12-29,378
2018-12-30,239
2018-12-31,513
2019-01-01,228
2019-01-02,686
2019-01-03,835
2019-01-04,670
2019-01-05,383
2019-01-06,255
2019-01-07,691
2019-01-08,804
2019-01-09,779
2019-01-10,680
2019-01-11,667
2019-01-12,346
2019-01-13,339
2019-01-14,754
2019-01-15,827
2019-01-16,780
2019-01-17,739
2019-01-18,605
2019-01-19,340
2019-01-20,237
2019-01-21,419
2019-01-22,664
2019-01-23,722
2019-01-24,741
2019-01-25,691
2019-01-26,333
2019-01-27,311
2019-01-28,717
2019-01-29,825
2019-01-30,944
2019-01-31,920
2019-02-01,763
2019-02-02,418
2019-02-03,351
2019-02-04,770
2019-02-05,878
2019-02-06,939
2019-02-07,813
2019-02-08,816
2019-02-09,483
2019-02-10,386
2019-02-11,830
2019-02-12,964
2019-02-13,886
2019-02-14,875
2019-02-15,752
2019-02-16,368
2019-02-17,320
2019-02-18,587
2019-02-19,902
2019-02-20,983
2019-02-21,902
2019-02-22,904
2019-02-23,458
2019-02-24,403
2019-02-25,762
2019-02-26,929
2019-02-27,878
2019-02-28,884
2019-03-01,812
2019-03-02,409
2019-03-03,343
2019-03-04,965
2019-03-05,1033
2019-03-06,836
2019-03-07,937
2019-03-08,949
2019-03-09,508
2019-03-10,373
2019-03-11,745
2019-03-12,1055
2019-03-13,994
2019-03-14,897
2019-03-15,898
2019-03-16,421
2019-03-17,332
2019-03-18,811
2019-03-19,1045
2019-03-20,1016
2019-03-21,967
2019-03-22,826
2019-03-23,434
2019-03-24,314
2019-03-25,863
2019-03-26,993
2019-03-27,965
2019-03-28,960
2019-03-29,887
2019-03-30,465
2019-03-31,356
2019-04-01,873
2019-04-02,1071
2019-04-03,964
2019-04-04,928
2019-04-05,858
2019-04-06,440
2019-04-07,386
2019-04-08,846
2019-04-09,1038
2019-04-10,950
2019-04-11,1073
2019-04-12,840
2019-04-13,424
2019-04-14,312
2019-04-15,880
2019-04-16,964
2019-04-17,1018
2019-04-18,863
2019-04-19,795
2019-04-20,405
2019-04-21,107
2019-04-22,633
2019-04-23,925
2019-04-24,977
2019-04-25,898
2019-04-26,870
2019-04-27,489
2019-04-28,363
2019-04-29,837
2019-04-30,886
2019-05-01,912
2019-05-02,1007
2019-05-03,847
2019-05-04,389
2019-05-05,385
2019-05-06,806
2019-05-07,948
2019-05-08,926
2019-05-09,815
2019-05-10,854
2019-05-11,550
2019-05-12,336
2019-05-13,812
2019-05-14,1003
2019-05-15,976
2019-05-16,997
2019-05-17,806
2019-05-18,466
2019-05-19,373
2019-05-20,787
2019-05-21,1022
2019-05-22,1039
2019-05-23,896
2019-05-24,801
2019-05-25,459
2019-05-26,298
2019-05-27,344
2019-05-28,906
2019-05-29,1047
2019-05-30,1027
2019-05-31,1014
2019-06-01,376
2019-06-02,417
2019-06-03,860
2019-06-04,862
2019-06-05,975
2019-06-06,907
2019-06-07,853
2019-06-08,476
2019-06-09,454
2019-06-10,867
2019-06-11,1054
2019-06-12,1154
2019-06-13,985
2019-06-14,780
2019-06-15,468
2019-06-16,386
2019-06-17,914
2019-06-18,1079
2019-06-19,993
2019-06-20,993
2019-06-21,875
2019-06-22,471
2019-06-23,405
2019-06-24,1030
2019-06-25,1038
2019-06-26,980
2019-06-27,895
2019-06-28,876
2019-06-29,538
2019-06-30,388
2019-07-01,893
2019-07-02,971
2019-07-03,988
2019-07-04,393
2019-07-05,760
2019-07-06,421
2019-07-07,364
2019-07-08,930
2019-07-09,1064
2019-07-10,973
2019-07-11,1036
2019-07-12,924
2019-07-13,468
2019-07-14,285
2019-07-15,916
2019-07-16,1057
2019-07-17,1052
2019-07-18,970
2019-07-19,796
2019-07-20,463
2019-07-21,331
2019-07-22,974
2019-07-23,999
2019-07-24,959
2019-07-25,1109
2019-07-26,827
2019-07-27,436
2019-07-28,448
2019-07-29,1030
2019-07-30,1171
2019-07-31,1072
2019-08-01,993
2019-08-02,947
2019-08-03,442
2019-08-04,406
2019-08-05,957
2019-08-06,1081
2019-08-07,1103
2019-08-08,978
2019-08-09,998
2019-08-10,420
2019-08-11,382
2019-08-12,1063
2019-08-13,1198
2019-08-14,1047
2019-08-15,1084
2019-08-16,985
2019-08-17,462
2019-08-18,419
2019-08-19,873
2019-08-20,1205
2019-08-21,1134
2019-08-22,971
2019-08-23,872
2019-08-24,437
2019-08-25,366
2019-08-26,968
2019-08-27,1036
2019-08-28,1043
2019-08-29,1000
2019-08-30,803
2019-08-31,384
2019-09-01,366
2019-09-02,398
2019-09-03,934
2019-09-04,896
2019-09-05,1043
2019-09-06,941
2019-09-07,510
2019-09-08,370
2019-09-09,964
2019-09-10,1092
2019-09-11,1045
2019-09-12,979
2019-09-13,954
2019-09-14,519
2019-09-15,363
2019-09-16,872
2019-09-17,1137
2019-09-18,924
2019-09-19,1039
2019-09-20,881
2019-09-21,450
2019-09-22,353
2019-09-23,909
2019-09-24,1087
2019-09-25,1046
2019-09-26,936
2019-09-27,854
2019-09-28,473
2019-09-29,359
2019-09-30,878
2019-10-01,1017
2019-10-02,1050
2019-10-03,972
2019-10-04,982
2019-10-05,421
2019-10-06,334
2019-10-07,789
2019-10-08,1037
2019-10-09,1017
2019-10-10,927
2019-10-11,798
2019-10-12,391
2019-10-13,380
2019-10-14,666
2019-10-15,1044
2019-10-16,1150
2019-10-17,993
2019-10-18,925
2019-10-19,401
2019-10-20,404
2019-10-21,992
2019-10-22,1176
2019-10-23,1086
2019-10-24,977
2019-10-25,842
2019-10-26,375
2019-10-27,397
2019-10-28,965
2019-10-29,1098
2019-10-30,1019
2019-10-31,1010
2019-11-01,857
2019-11-02,464
2019-11-03,345
2019-11-04,974
2019-11-05,1237
2019-11-06,769
2019-11-07,1014
2019-11-08,990
2019-11-09,392
2019-11-10,363
2019-11-11,629
2019-11-12,893
2019-11-13,1097
2019-11-14,936
2019-11-15,804
2019-11-16,474
2019-11-17,349
2019-11-18,947
2019-11-19,1101
2019-11-20,1204
2019-11-21,1007
2019-11-22,922
2019-11-23,453
2019-11-24,396
2019-11-25,971
2019-11-26,1037
2019-11-27,909
2019-11-28,312
2019-11-29,425
2019-11-30,378
2019-12-01,367
2019-12-02,952
2019-12-03,970
2019-12-04,981
2019-12-05,972
2019-12-06,885
2019-12-07,464
2019-12-08,378
2019-12-09,829
2019-12-10,1013
2019-12-11,1012
2019-12-12,918
2019-12-13,714
2019-12-14,386
2019-12-15,324
2019-12-16,826
2019-12-17,971
2019-12-18,929
2019-12-19,852
2019-12-20,867
2019-12-21,407
2019-12-22,341
2019-12-23,768
2019-12-24,435
2019-12-25,166
2019-12-26,633
2019-12-27,859
2019-12-28,336
2019-12-29,426
2019-12-30,968
2019-12-31,755
2020-01-01,315
2020-01-02,821
2020-01-03,821
2020-01-04,475
2020-01-05,474
2020-01-06,872
2020-01-07,1114
2020-01-08,1028
2020-01-09,986
2020-01-10,946
2020-01-11,576
2020-01-12,364
2020-01-13,991
2020-01-14,1105
2020-01-15,1251
2020-01-16,1118
2020-01-17,1101
2020-01-18,570
2020-01-19,346
2020-01-20,697
2020-01-21,1112
2020-01-22,1121
2020-01-23,1187
2020-01-24,945
2020-01-25,502
2020-01-26,368
2020-01-27,1046
2020-01-28,1015
2020-01-29,1077
2020-01-30,1011
2020-01-31,1052
2020-02-01,454
2020-02-02,343
2020-02-03,854
2020-02-04,1172
2020-02-05,1253
2020-02-06,1134
2020-02-07,1114
2020-02-08,458
2020-02-09,454
2020-02-10,1023
2020-02-11,1148
2020-02-12,1088
2020-02-13,1016
2020-02-14,853
2020-02-15,526
2020-02-16,435
2020-02-17,660
2020-02-18,982
2020-02-19,1146
2020-02-20,1088
2020-02-21,1078
2020-02-22,485
2020-02-23,377
2020-02-24,989
2020-02-25,1170
2020-02-26,1149
2020-02-27,1000
2020-02-28,1039
2020-02-29,604
2020-03-01,438
2020-03-02,1047
2020-03-03,1218
2020-03-04,1172
2020-03-05,1090
2020-03-06,1019
2020-03-07,578
2020-03-08,467
2020-03-09,1066
2020-03-10,1216
2020-03-11,1175
2020-03-12,1132
2020-03-13,1049
2020-03-14,605
2020-03-15,416
2020-03-16,994
2020-03-17,1129
2020-03-18,1181
2020-03-19,1135
2020-03-20,1051
2020-03-21,541
2020-03-22,447
2020-03-23,1190
2020-03-24,1085
2020-03-25,1081
2020-03-26,1294
2020-03-27,1160
2020-03-28,683
2020-03-29,486
2020-03-30,1145
2020-03-31,1199
2020-04-01,1269
2020-04-02,1243
2020-04-03,1216
2020-04-04,725
2020-04-05,506
2020-04-06,1228
2020-04-07,1256
2020-04-08,1268
2020-04-09,1232
2020-04-10,1309
2020-04-11,644
2020-04-12,502
2020-04-13,1231
2020-04-14,1273
2020-04-15,1212
2020-04-16,1280
2020-04-17,1301
2020-04-18,792
2020-04-19,658
2020-04-20,1251
2020-04-21,1335
2020-04-22,1464
2020-04-23,1509
2020-04-24,1543
2020-04-25,864
2020-04-26,686
2020-04-27,1429
2020-04-28,1492
2020-04-29,1558
2020-04-30,1533
2020-05-01,1397
2020-05-02,773
2020-05-03,609
2020-05-04,1358
2020-05-05,1648
2020-05-06,1482
2020-05-07,1373
2020-05-08,1376
2020-05-09,768
2020-05-10,556
2020-05-11,1446
2020-05-12,1618
2020-05-13,1521
2020-05-14,1529
2020-05-15,1395
2020-05-16,801
2020-05-17,550
2020-05-18,1357
2020-05-19,1516
2020-05-20,1538
2020-05-21,1555
2020-05-22,1421
2020-05-23,672
2020-05-24,610
2020-05-25,628
2020-05-26,1495
2020-05-27,1572
2020-05-28,1544
2020-05-29,1488
2020-05-30,768
2020-05-31,629
2020-06-01,1295
2020-06-02,1525
2020-06-03,1444
2020-06-04,1664
2020-06-05,1341
2020-06-06,794
2020-06-07,491
2020-06-08,1485
2020-06-09,1504
2020-06-10,1555
2020-06-11,1575
2020-06-12,1707
2020-06-13,805
2020-06-14,532
2020-06-15,1309
2020-06-16,1408
2020-06-17,1629
2020-06-18,1366
2020-06-19,1235
2020-06-20,729
2020-06-21,518
2020-06-22,1468
2020-06-23,1616
2020-06-24,1531
2020-06-25,1437
2020-06-26,1462
2020-06-27,797
2020-06-28,610
2020-06-29,1389
2020-06-30,1683
2020-07-01,1648
2020-07-02,1561
2020-07-03,959
2020-07-04,568
2020-07-05,491
2020-07-06,1513
2020-07-07,1718
2020-07-08,1558
2020-07-09,1499
2020-07-10,1396
2020-07-11,801
2020-07-12,605
2020-07-13,1571
2020-07-14,1633
2020-07-15,1569
2020-07-16,1527
2020-07-17,1494
2020-07-18,860
2020-07-19,558
2020-07-20,1436
2020-07-21,1676
2020-07-22,1657
2020-07-23,1632
2020-07-24,1702
2020-07-25,856
2020-07-26,573
2020-07-27,1413
2020-07-28,1587
2020-07-29,1547
2020-07-30,1621
2020-07-31,1432
2020-08-01,761
2020-08-02,479
2020-08-03,1422
2020-08-04,1522
2020-08-05,1569
2020-08-06,1556
2020-08-07,1595
2020-08-08,801
2020-08-09,518
2020-08-10,1502
2020-08-11,1631
2020-08-12,1779
2020-08-13,1751
2020-08-14,1532
2020-08-15,801
2020-08-16,552
2020-08-17,1274
2020-08-18,1605
2020-08-19,1674
2020-08-20,1558
2020-08-21,1225
2020-08-22,767
2020-08-23,620
2020-08-24,1378
2020-08-25,1517
2020-08-26,1656
2020-08-27,1658
2020-08-28,1508
2020-08-29,744
2020-08-30,639
2020-08-31,1612
2020-09-01,1488
2020-09-02,1579
2020-09-03,1548
2020-09-04,1472
2020-09-05,790
2020-09-06,547
2020-09-07,883
2020-09-08,1598
2020-09-09,1647
2020-09-10,1758
2020-09-11,1667
2020-09-12,869
2020-09-13,616
2020-09-14,1543
2020-09-15,1696
2020-09-16,1671
2020-09-17,1672
2020-09-18,1424
2020-09-19,784
2020-09-20,576
2020-09-21,1548
2020-09-22,1645
2020-09-23,1582
2020-09-24,1624
2020-09-25,1403
2020-09-26,710
2020-09-27,499
2020-09-28,1642
2020-09-29,1825
2020-09-30,1584
2020-10-01,1721
2020-10-02,1672
2020-10-03,670
2020-10-04,479
2020-10-05,1694
2020-10-06,1715
2020-10-07,1846
2020-10-08,1655
2020-10-09,1849
2020-10-10,832
2020-10-11,643
2020-10-12,1542
2020-10-13,1796
2020-10-14,1708
2020-10-15,1778
2020-10-16,1489
2020-10-17,488
2020-10-18,537
2020-10-19,1702
2020-10-20,1790
2020-10-21,1881
2020-10-22,1728
2020-10-23,1520
2020-10-24,643
2020-10-25,597
2020-10-26,1723
2020-10-27,2049
2020-10-28,1681
2020-10-29,1947
2020-10-30,1805
2020-10-31,797
2020-11-01,487
2020-11-02,1534
2020-11-03,1759
2020-11-04,1717
2020-11-05,1697
2020-11-06,1606
2020-11-07,689
2020-11-08,625
2020-11-09,1747
2020-11-10,1788
2020-11-11,1553
2020-11-12,1781
2020-11-13,1874
2020-11-14,950
2020-11-15,617
2020-11-16,1743
2020-11-17,1769
2020-11-18,1927
2020-11-19,1900
2020-11-20,1702
2020-11-21,1005
2020-11-22,716
2020-11-23,1713
2020-11-24,1901
2020-11-25,1519
2020-11-26,851
2020-11-27,1280
2020-11-28,708
2020-11-29,615
2020-11-30,1775
2020-12-01,2051
2020-12-02,2021
2020-12-03,2077
2020-12-04,1908
2020-12-05,1085
2020-12-06,801
2020-12-07,1797
2020-12-08,2079
2020-12-09,1873
2020-12-10,1988
2020-12-11,1829
2020-12-12,1051
2020-12-13,800
2020-12-14,2135
2020-12-15,2134
2020-12-16,1958
2020-12-17,2111
2020-12-18,1808
2020-12-19,921
2020-12-20,627
2020-12-21,1601
2020-12-22,1969
2020-12-23,1774
2020-12-24,1108
2020-12-25,497
2020-12-26,717
2020-12-27,655
2020-12-28,1713
2020-12-29,2199
2020-12-30,1867
2020-12-31,1228
2021-01-01,624
2021-01-02,904
2021-01-03,675
2021-01-04,1991
2021-01-05,2310
2021-01-06,2002
2021-01-07,1570
2021-01-08,1659
2021-01-09,720
2021-01-10,510
2021-01-11,1602
2021-01-12,1786
2021-01-13,1752
2021-01-14,1552
2021-01-15,1649
2021-01-16,830
2021-01-17,664
2021-01-18,1120
2021-01-19,1696
2021-01-20,1598
2021-01-21,2029
2021-01-22,1842
2021-01-23,914
2021-01-24,640
2021-01-25,1632
2021-01-26,1810
2021-01-27,1837
2021-01-28,1775
2021-01-29,1658
2021-01-30,617
2021-01-31,520
2021-02-01,1394
2021-02-02,1654
2021-02-03,1518
2021-02-04,1461
2021-02-05,1513
2021-02-06,774
2021-02-07,455
2021-02-08,1304
2021-02-09,1479
2021-02-10,1496
2021-02-11,1470
2021-02-12,1385
2021-02-13,678
2021-02-14,426
2021-02-15,947
2021-02-16,1263
2021-02-17,1339
2021-02-18,1324
2021-02-19,1272
2021-02-20,777
2021-02-21,617
2021-02-22,1274
2021-02-23,1533
2021-02-24,1473
2021-02-25,1507
2021-02-26,1552
2021-02-27,803
2021-02-28,588
2021-03-01,1445
2021-03-02,1649
2021-03-03,1672
2021-03-04,1661
2021-03-05,1572
2021-03-06,728
2021-03-07,625
2021-03-08,1529
2021-03-09,1833
2021-03-10,1744
2021-03-11,1626
2021-03-12,1376
2021-03-13,781
2021-03-14,677
2021-03-15,1380
2021-03-16,1504
2021-03-17,1628
2021-03-18,1639
2021-03-19,1489
2021-03-20,763
2021-03-21,614
2021-03-22,1446
2021-03-23,1509
2021-03-24,1552
2021-03-25,1605
2021-03-26,1425
2021-03-27,636
2021-03-28,601
2021-03-29,1363
2021-03-30,1588
2021-03-31,1527
2021-04-01,1511
2021-04-02,1416
2021-04-03,761
2021-04-04,440
2021-04-05,1538
2021-04-06,1807
2021-04-07,1787
2021-04-08,1545
2021-04-09,1502
2021-04-10,773
2021-04-11,636
2021-04-12,1579
2021-04-13,1613
2021-04-14,1707
2021-04-15,1608
2021-04-16,1555
2021-04-17,775
2021-04-18,653
2021-04-19,1325
2021-04-20,1409
2021-04-21,1669
2021-04-22,1707
2021-04-23,1455
2021-04-24,613
2021-04-25,446
2021-04-26,1437
2021-04-27,1655
2021-04-28,1575
2021-04-29,1592
2021-04-30,1598
2021-05-01,757
2021-05-02,665
2021-05-03,1557
2021-05-04,1726
2021-05-05,1880
2021-05-06,1768
2021-05-07,1466
2021-05-08,736
2021-05-09,606
2021-05-10,1676
2021-05-11,1727
2021-05-12,1829
2021-05-13,1683
2021-05-14,1554
2021-05-15,735
2021-05-16,604
2021-05-17,1584
2021-05-18,1817
2021-05-19,1700
2021-05-20,1769
2021-05-21,1710
2021-05-22,746
2021-05-23,637
2021-05-24,1630
2021-05-25,1786
2021-05-26,1692
2021-05-27,1644
2021-05-28,1484
2021-05-29,729
2021-05-30,615
2021-05-31,831
2021-06-01,1594
2021-06-02,1984
2021-06-03,1765
2021-06-04,1772
2021-06-05,818
2021-06-06,689
2021-06-07,1701
2021-06-08,1831
2021-06-09,2011
2021-06-10,1858
2021-06-11,1816
2021-06-12,825
2021-06-13,690
2021-06-14,1774
2021-06-15,2226
2021-06-16,1759
2021-06-17,1759
2021-06-18,1600
2021-06-19,677
2021-06-20,543
2021-06-21,1745
2021-06-22,2003
2021-06-23,1975
2021-06-24,1798
2021-06-25,1717
2021-06-26,835
2021-06-27,593
2021-06-28,1659
2021-06-29,1831
2021-06-30,1860
2021-07-01,1787
2021-07-02,1599
2021-07-03,794
2021-07-04,495
2021-07-05,998
2021-07-06,1664
2021-07-07,2038
2021-07-08,1854
2021-07-09,1661
2021-07-10,955
2021-07-11,763
2021-07-12,1797
2021-07-13,1956
2021-07-14,1825
2021-07-15,1720
2021-07-16,1671
2021-07-17,779
2021-07-18,669
2021-07-19,1713
2021-07-20,1699
2021-07-21,1615
2021-07-22,1566
2021-07-23,1388
2021-07-24,737
2021-07-25,470
2021-07-26,1365
2021-07-27,1390
2021-07-28,1276
2021-07-29,1135
2021-07-30,971
2021-07-31,426
2021-08-01,400
2021-08-02,1442
2021-08-03,1498
2021-08-04,1290
2021-08-05,803
2021-08-06,602
2021-08-07,316
2021-08-08,1
