date,incident
2018-05-15,10
2018-05-14,79
2018-05-13,154
2018-05-12,196
2018-05-11,216
2018-05-10,260
2018-05-09,275
2018-05-08,292
2018-05-07,275
2018-05-06,289
2018-05-05,332
2018-05-04,336
2018-05-03,317
2018-05-02,338
2018-05-01,275
2018-04-30,300
2018-04-29,295
2018-04-28,371
2018-04-27,364
2018-04-26,336
2018-04-25,390
2018-04-24,340
2018-04-23,299
2018-04-22,302
2018-04-21,320
2018-04-20,379
2018-04-19,367
2018-04-18,385
2018-04-17,321
2018-04-16,323
2018-04-15,301
2018-04-14,361
2018-04-13,445
2018-04-12,343
2018-04-11,391
2018-04-10,346
2018-04-09,344
2018-04-08,299
2018-04-07,356
2018-04-06,366
2018-04-05,348
2018-04-04,350
2018-04-03,305
2018-04-02,332
2018-04-01,327
2018-03-31,404
2018-03-30,380
2018-03-29,325
2018-03-28,349
2018-03-27,380
2018-03-26,302
2018-03-25,349
2018-03-24,331
2018-03-23,404
2018-03-22,352
2018-03-21,317
2018-03-20,332
2018-03-19,349
2018-03-18,333
2018-03-17,366
2018-03-16,400
2018-03-15,331
2018-03-14,345
2018-03-13,365
2018-03-12,343
2018-03-11,293
2018-03-10,360
2018-03-09,346
2018-03-08,315
2018-03-07,322
2018-03-06,281
2018-03-05,317
2018-03-04,356
2018-03-03,364
2018-03-02,345
2018-03-01,384
2018-02-28,353
2018-02-27,300
2018-02-26,332
2018-02-25,369
2018-02-24,398
2018-02-23,347
2018-02-22,387
2018-02-21,353
2018-02-20,355
2018-02-19,316
2018-02-18,335
2018-02-17,381
2018-02-16,354
2018-02-15,357
2018-02-14,377
2018-02-13,322
2018-02-12,354
2018-02-11,323
2018-02-10,431
2018-02-09,397
2018-02-08,349
2018-02-07,359
2018-02-06,342
2018-02-05,325
2018-02-04,301
2018-02-03,373
2018-02-02,385
2018-02-01,372
2018-01-31,364
2018-01-30,383
2018-01-29,373
2018-01-28,352
2018-01-27,406
2018-01-26,399
2018-01-25,389
2018-01-24,366
2018-01-23,409
2018-01-22,385
2018-01-21,343
2018-01-20,355
2018-01-19,420
2018-01-18,410
2018-01-17,360
2018-01-16,351
2018-01-15,385
2018-01-14,380
2018-01-13,411
2018-01-12,422
2018-01-11,365
2018-01-10,399
2018-01-09,375
2018-01-08,346
2018-01-07,406
2018-01-06,418
2018-01-05,439
2018-01-04,418
2018-01-03,385
2018-01-02,364
2018-01-01,453
2017-12-31,424
2017-12-30,424
2017-12-29,408
2017-12-28,422
2017-12-27,384
2017-12-26,320
2017-12-25,273
2017-12-24,320
2017-12-23,438
2017-12-22,411
2017-12-21,439
2017-12-20,432
2017-12-19,367
2017-12-18,424
2017-12-17,399
2017-12-16,430
2017-12-15,471
2017-12-14,448
2017-12-13,411
2017-12-12,388
2017-12-11,411
2017-12-10,434
2017-12-09,387
2017-12-08,420
2017-12-07,459
2017-12-06,404
2017-12-05,400
2017-12-04,388
2017-12-03,353
2017-12-02,387
2017-12-01,468
2017-11-30,384
2017-11-29,411
2017-11-28,443
2017-11-27,463
2017-11-26,369
2017-11-25,399
2017-11-24,426
2017-11-23,288
2017-11-22,460
2017-11-21,408
2017-11-20,433
2017-11-19,408
2017-11-18,393
2017-11-17,424
2017-11-16,356
2017-11-15,419
2017-11-14,449
2017-11-13,345
2017-11-12,327
2017-11-11,432
2017-11-10,490
2017-11-09,462
2017-11-08,449
2017-11-07,435
2017-11-06,394
2017-11-05,399
2017-11-04,389
2017-11-03,499
2017-11-02,373
2017-11-01,420
2017-10-31,399
2017-10-30,430
2017-10-29,393
2017-10-28,412
2017-10-27,492
2017-10-26,488
2017-10-25,443
2017-10-24,368
2017-10-23,420
2017-10-22,432
2017-10-21,430
2017-10-20,450
2017-10-19,382
2017-10-18,432
2017-10-17,434
2017-10-16,458
2017-10-15,417
2017-10-14,484
2017-10-13,493
2017-10-12,413
2017-10-11,409
2017-10-10,427
2017-10-09,409
2017-10-08,457
2017-10-07,453
2017-10-06,445
2017-10-05,422
2017-10-04,423
2017-10-03,439
2017-10-02,374
2017-10-01,427
2017-09-30,425
2017-09-29,431
2017-09-28,427
2017-09-27,478
2017-09-26,464
2017-09-25,403
2017-09-24,358
2017-09-23,490
2017-09-22,506
2017-09-21,383
2017-09-20,398
2017-09-19,337
2017-09-18,433
2017-09-17,360
2017-09-16,482
2017-09-15,442
2017-09-14,442
2017-09-13,399
2017-09-12,414
2017-09-11,441
2017-09-10,431
2017-09-09,418
2017-09-08,441
2017-09-07,402
2017-09-06,410
2017-09-05,380
2017-09-04,386
2017-09-03,355
2017-09-02,400
2017-09-01,548
2017-08-31,438
2017-08-30,447
2017-08-29,388
2017-08-28,422
2017-08-27,378
2017-08-26,420
2017-08-25,460
2017-08-24,443
2017-08-23,383
2017-08-22,406
2017-08-21,426
2017-08-20,439
2017-08-19,423
2017-08-18,450
2017-08-17,422
2017-08-16,368
2017-08-15,445
2017-08-14,367
2017-08-13,383
2017-08-12,496
2017-08-11,465
2017-08-10,372
2017-08-09,410
2017-08-08,411
2017-08-07,395
2017-08-06,347
2017-08-05,430
2017-08-04,399
2017-08-03,393
2017-08-02,435
2017-08-01,411
2017-07-31,369
2017-07-30,391
2017-07-29,455
2017-07-28,468
2017-07-27,406
2017-07-26,397
2017-07-25,430
2017-07-24,381
2017-07-23,442
2017-07-22,441
2017-07-21,451
2017-07-20,448
2017-07-19,435
2017-07-18,436
2017-07-17,448
2017-07-16,405
2017-07-15,472
2017-07-14,436
2017-07-13,477
2017-07-12,400
2017-07-11,389
2017-07-10,407
2017-07-09,441
2017-07-08,466
2017-07-07,411
2017-07-06,418
2017-07-05,406
2017-07-04,380
2017-07-03,419
2017-07-02,406
2017-07-01,440
2017-06-30,422
2017-06-29,384
2017-06-28,361
2017-06-27,403
2017-06-26,426
2017-06-25,557
2017-06-24,490
2017-06-23,473
2017-06-22,415
2017-06-21,434
2017-06-20,444
2017-06-19,430
2017-06-18,383
2017-06-17,412
2017-06-16,447
2017-06-15,399
2017-06-14,403
2017-06-13,392
2017-06-12,397
2017-06-11,380
2017-06-10,401
2017-06-09,431
2017-06-08,396
2017-06-07,427
2017-06-06,366
2017-06-05,439
2017-06-04,398
2017-06-03,397
2017-06-02,428
2017-06-01,470
2017-05-31,392
2017-05-30,332
2017-05-29,372
2017-05-28,433
2017-05-27,475
2017-05-26,460
2017-05-25,462
2017-05-24,385
2017-05-23,482
2017-05-22,407
2017-05-21,436
2017-05-20,454
2017-05-19,430
2017-05-18,434
2017-05-17,408
2017-05-16,476
2017-05-15,485
2017-05-14,356
2017-05-13,422
2017-05-12,461
2017-05-11,426
2017-05-10,440
2017-05-09,391
2017-05-08,447
2017-05-07,433
2017-05-06,423
2017-05-05,430
2017-05-04,418
2017-05-03,415
2017-05-02,410
2017-05-01,472
2017-04-30,444
2017-04-29,451
2017-04-28,475
2017-04-27,452
2017-04-26,417
2017-04-25,432
2017-04-24,384
2017-04-23,407
2017-04-22,428
2017-04-21,438
2017-04-20,459
2017-04-19,393
2017-04-18,427
2017-04-17,429
2017-04-16,389
2017-04-15,467
2017-04-14,497
2017-04-13,420
2017-04-12,432
2017-04-11,444
2017-04-10,478
2017-04-09,335
2017-04-08,418
2017-04-07,440
2017-04-06,401
2017-04-05,441
2017-04-04,422
2017-04-03,458
2017-04-02,375
2017-04-01,488
2017-03-31,446
2017-03-30,499
2017-03-29,494
2017-03-28,411
2017-03-27,476
2017-03-26,456
2017-03-25,435
2017-03-24,457
2017-03-23,419
2017-03-22,479
2017-03-21,407
2017-03-20,381
2017-03-19,365
2017-03-18,436
2017-03-17,541
2017-03-16,424
2017-03-15,465
2017-03-14,437
2017-03-13,421
2017-03-12,406
2017-03-11,424
2017-03-10,462
2017-03-09,395
2017-03-08,441
2017-03-07,413
2017-03-06,441
2017-03-05,383
2017-03-04,433
2017-03-03,489
2017-03-02,436
2017-03-01,539
2017-02-28,431
2017-02-27,437
2017-02-26,408
2017-02-25,455
2017-02-24,393
2017-02-23,424
2017-02-22,424
2017-02-21,433
2017-02-20,398
2017-02-19,421
2017-02-18,487
2017-02-17,488
2017-02-16,423
2017-02-15,457
2017-02-14,415
2017-02-13,436
2017-02-12,369
2017-02-11,497
2017-02-10,494
2017-02-09,432
2017-02-08,429
2017-02-07,403
2017-02-06,381
2017-02-05,386
2017-02-04,487
2017-02-03,467
2017-02-02,445
2017-02-01,472
2017-01-31,432
2017-01-30,441
2017-01-29,424
2017-01-28,428
2017-01-27,443
2017-01-26,447
2017-01-25,414
2017-01-24,439
2017-01-23,457
2017-01-22,418
2017-01-21,473
2017-01-20,424
2017-01-19,425
2017-01-18,407
2017-01-17,409
2017-01-16,419
2017-01-15,419
2017-01-14,464
2017-01-13,451
2017-01-12,379
2017-01-11,383
2017-01-10,411
2017-01-09,376
2017-01-08,368
2017-01-07,409
2017-01-06,445
2017-01-05,420
2017-01-04,377
2017-01-03,411
2017-01-02,386
2017-01-01,485
2016-12-31,481
2016-12-30,422
2016-12-29,427
2016-12-28,397
2016-12-27,438
2016-12-26,365
2016-12-25,228
2016-12-24,372
2016-12-23,450
2016-12-22,477
2016-12-21,400
2016-12-20,460
2016-12-19,433
2016-12-18,366
2016-12-17,417
2016-12-16,482
2016-12-15,411
2016-12-14,507
2016-12-13,417
2016-12-12,446
2016-12-11,445
2016-12-10,432
2016-12-09,414
2016-12-08,374
2016-12-07,367
2016-12-06,434
2016-12-05,420
2016-12-04,408
2016-12-03,378
2016-12-02,455
2016-12-01,484
2016-11-30,373
2016-11-29,438
2016-11-28,393
2016-11-27,409
2016-11-26,452
2016-11-25,468
2016-11-24,324
2016-11-23,429
2016-11-22,427
2016-11-21,402
2016-11-20,418
2016-11-19,419
2016-11-18,491
2016-11-17,435
2016-11-16,446
2016-11-15,475
2016-11-14,395
2016-11-13,347
2016-11-12,476
2016-11-11,452
2016-11-10,442
2016-11-09,398
2016-11-08,421
2016-11-07,366
2016-11-06,410
2016-11-05,410
2016-11-04,473
2016-11-03,446
2016-11-02,420
2016-11-01,465
2016-10-31,460
2016-10-30,432
2016-10-29,426
2016-10-28,457
2016-10-27,447
2016-10-26,436
2016-10-25,430
2016-10-24,418
2016-10-23,372
2016-10-22,416
2016-10-21,419
2016-10-20,429
2016-10-19,424
2016-10-18,402
2016-10-17,426
2016-10-16,408
2016-10-15,424
2016-10-14,434
2016-10-13,461
2016-10-12,449
2016-10-11,404
2016-10-10,459
2016-10-09,430
2016-10-08,533
2016-10-07,477
2016-10-06,410
2016-10-05,397
2016-10-04,439
2016-10-03,426
2016-10-02,367
2016-10-01,476
2016-09-30,457
2016-09-29,364
2016-09-28,445
2016-09-27,423
2016-09-26,419
2016-09-25,431
2016-09-24,447
2016-09-23,451
2016-09-22,432
2016-09-21,391
2016-09-20,387
2016-09-19,385
2016-09-18,419
2016-09-17,432
2016-09-16,433
2016-09-15,464
2016-09-14,388
2016-09-13,410
2016-09-12,383
2016-09-11,360
2016-09-10,429
2016-09-09,429
2016-09-08,388
2016-09-07,405
2016-09-06,420
2016-09-05,350
2016-09-04,401
2016-09-03,413
2016-09-02,490
2016-09-01,453
2016-08-31,418
2016-08-30,359
2016-08-29,413
2016-08-28,389
2016-08-27,400
2016-08-26,424
2016-08-25,441
2016-08-24,405
2016-08-23,416
2016-08-22,400
2016-08-21,419
2016-08-20,350
2016-08-19,387
2016-08-18,421
2016-08-17,374
2016-08-16,380
2016-08-15,382
2016-08-14,385
2016-08-13,432
2016-08-12,414
2016-08-11,418
2016-08-10,411
2016-08-09,382
2016-08-08,345
2016-08-07,402
2016-08-06,431
2016-08-05,445
2016-08-04,354
2016-08-03,402
2016-08-02,380
2016-08-01,492
2016-07-31,424
2016-07-30,418
2016-07-29,399
2016-07-28,388
2016-07-27,435
2016-07-26,395
2016-07-25,376
2016-07-24,389
2016-07-23,399
2016-07-22,407
2016-07-21,388
2016-07-20,361
2016-07-19,412
2016-07-18,379
2016-07-17,330
2016-07-16,423
2016-07-15,423
2016-07-14,383
2016-07-13,364
2016-07-12,378
2016-07-11,415
2016-07-10,373
2016-07-09,402
2016-07-08,353
2016-07-07,369
2016-07-06,413
2016-07-05,394
2016-07-04,352
2016-07-03,387
2016-07-02,354
2016-07-01,508
2016-06-30,395
2016-06-29,357
2016-06-28,433
2016-06-27,336
2016-06-26,482
2016-06-25,507
2016-06-24,455
2016-06-23,390
2016-06-22,453
2016-06-21,425
2016-06-20,404
2016-06-19,354
2016-06-18,402
2016-06-17,403
2016-06-16,425
2016-06-15,437
2016-06-14,362
2016-06-13,378
2016-06-12,403
2016-06-11,376
2016-06-10,418
2016-06-09,394
2016-06-08,381
2016-06-07,381
2016-06-06,328
2016-06-05,369
2016-06-04,368
2016-06-03,382
2016-06-02,415
2016-06-01,481
2016-05-31,413
2016-05-30,405
2016-05-29,445
2016-05-28,388
2016-05-27,459
2016-05-26,402
2016-05-25,395
2016-05-24,452
2016-05-23,485
2016-05-22,360
2016-05-21,387
2016-05-20,450
2016-05-19,394
2016-05-18,393
2016-05-17,431
2016-05-16,431
2016-05-15,440
2016-05-14,427
2016-05-13,442
2016-05-12,398
2016-05-11,381
2016-05-10,383
2016-05-09,326
2016-05-08,330
2016-05-07,421
2016-05-06,439
2016-05-05,456
2016-05-04,387
2016-05-03,348
2016-05-02,382
2016-05-01,482
2016-04-30,424
2016-04-29,427
2016-04-28,449
2016-04-27,365
2016-04-26,352
2016-04-25,383
2016-04-24,382
2016-04-23,447
2016-04-22,414
2016-04-21,410
2016-04-20,482
2016-04-19,406
2016-04-18,363
2016-04-17,374
2016-04-16,390
2016-04-15,445
2016-04-14,371
2016-04-13,405
2016-04-12,410
2016-04-11,418
2016-04-10,338
2016-04-09,400
2016-04-08,417
2016-04-07,435
2016-04-06,422
2016-04-05,390
2016-04-04,459
2016-04-03,384
2016-04-02,436
2016-04-01,530
2016-03-31,435
2016-03-30,422
2016-03-29,436
2016-03-28,392
2016-03-27,387
2016-03-26,450
2016-03-25,423
2016-03-24,358
2016-03-23,412
2016-03-22,435
2016-03-21,433
2016-03-20,360
2016-03-19,399
2016-03-18,461
2016-03-17,415
2016-03-16,418
2016-03-15,403
2016-03-14,415
2016-03-13,309
2016-03-12,364
2016-03-11,386
2016-03-10,348
2016-03-09,375
2016-03-08,369
2016-03-07,388
2016-03-06,368
2016-03-05,351
2016-03-04,460
2016-03-03,377
2016-03-02,404
2016-03-01,427
2016-02-29,388
2016-02-28,382
2016-02-27,419
2016-02-26,377
2016-02-25,393
2016-02-24,413
2016-02-23,360
2016-02-22,393
2016-02-21,424
2016-02-20,410
2016-02-19,423
2016-02-18,418
2016-02-17,404
2016-02-16,440
2016-02-15,418
2016-02-14,365
2016-02-13,414
2016-02-12,423
2016-02-11,391
2016-02-10,423
2016-02-09,420
2016-02-08,417
2016-02-07,460
2016-02-06,443
2016-02-05,472
2016-02-04,492
2016-02-03,420
2016-02-02,410
2016-02-01,494
2016-01-31,402
2016-01-30,421
2016-01-29,514
2016-01-28,394
2016-01-27,446
2016-01-26,448
2016-01-25,401
2016-01-24,400
2016-01-23,486
2016-01-22,455
2016-01-21,450
2016-01-20,462
2016-01-19,383
2016-01-18,375
2016-01-17,387
2016-01-16,446
2016-01-15,441
2016-01-14,395
2016-01-13,421
2016-01-12,409
2016-01-11,362
2016-01-10,402
2016-01-09,407
2016-01-08,444
2016-01-07,429
2016-01-06,360
2016-01-05,382
2016-01-04,366
2016-01-03,316
2016-01-02,396
2016-01-01,567
2015-12-31,414
2015-12-30,472
2015-12-29,382
2015-12-28,365
2015-12-27,344
2015-12-26,378
2015-12-25,280
2015-12-24,421
2015-12-23,394
2015-12-22,377
2015-12-21,275
2015-12-20,309
2015-12-19,259
2015-12-18,290
2015-12-17,362
2015-12-16,373
2015-12-15,349
2015-12-14,364
2015-12-13,349
2015-12-12,351
2015-12-11,370
2015-12-10,399
2015-12-09,378
2015-12-08,397
2015-12-07,367
2015-12-06,381
2015-12-05,389
2015-12-04,435
2015-12-03,395
2015-12-02,382
2015-12-01,440
2015-11-30,442
2015-11-29,363
2015-11-28,392
2015-11-27,416
2015-11-26,315
2015-11-25,433
2015-11-24,427
2015-11-23,365
2015-11-22,387
2015-11-21,432
2015-11-20,476
2015-11-19,402
2015-11-18,426
2015-11-17,398
2015-11-16,389
2015-11-15,423
2015-11-14,408
2015-11-13,423
2015-11-12,384
2015-11-11,352
2015-11-10,395
2015-11-09,399
2015-11-08,362
2015-11-07,348
2015-11-06,389
2015-11-05,412
2015-11-04,427
2015-11-03,424
2015-11-02,360
2015-11-01,522
2015-10-31,455
2015-10-30,419
2015-10-29,395
2015-10-28,431
2015-10-27,394
2015-10-26,459
2015-10-25,433
2015-10-24,451
2015-10-23,475
2015-10-22,372
2015-10-21,375
2015-10-20,456
2015-10-19,378
2015-10-18,384
2015-10-17,405
2015-10-16,460
2015-10-15,430
2015-10-14,386
2015-10-13,419
2015-10-12,393
2015-10-11,370
2015-10-10,485
2015-10-09,432
2015-10-08,420
2015-10-07,428
2015-10-06,396
2015-10-05,418
2015-10-04,381
2015-10-03,411
2015-10-02,482
2015-10-01,554
2015-09-30,391
2015-09-29,427
2015-09-28,415
2015-09-27,391
2015-09-26,424
2015-09-25,443
2015-09-24,467
2015-09-23,403
2015-09-22,453
2015-09-21,387
2015-09-20,435
2015-09-19,452
2015-09-18,441
2015-09-17,447
2015-09-16,448
2015-09-15,426
2015-09-14,393
2015-09-13,406
2015-09-12,483
2015-09-11,482
2015-09-10,417
2015-09-09,402
2015-09-08,408
2015-09-07,403
2015-09-06,403
2015-09-05,469
2015-09-04,455
2015-09-03,413
2015-09-02,439
2015-09-01,473
2015-08-31,391
2015-08-30,461
2015-08-29,450
2015-08-28,539
2015-08-27,447
2015-08-26,446
2015-08-25,405
2015-08-24,455
2015-08-23,400
2015-08-22,466
2015-08-21,499
2015-08-20,430
2015-08-19,429
2015-08-18,437
2015-08-17,456
2015-08-16,383
2015-08-15,460
2015-08-14,462
2015-08-13,462
2015-08-12,415
2015-08-11,426
2015-08-10,400
2015-08-09,384
2015-08-08,484
2015-08-07,535
2015-08-06,399
2015-08-05,482
2015-08-04,405
2015-08-03,454
2015-08-02,401
2015-08-01,467
2015-07-31,433
2015-07-30,409
2015-07-29,402
2015-07-28,432
2015-07-27,420
2015-07-26,428
2015-07-25,478
2015-07-24,481
2015-07-23,439
2015-07-22,436
2015-07-21,428
2015-07-20,463
2015-07-19,397
2015-07-18,427
2015-07-17,484
2015-07-16,404
2015-07-15,459
2015-07-14,381
2015-07-13,377
2015-07-12,438
2015-07-11,477
2015-07-10,471
2015-07-09,396
2015-07-08,379
2015-07-07,421
2015-07-06,456
2015-07-05,400
2015-07-04,417
2015-07-03,439
2015-07-02,407
2015-07-01,486
2015-06-30,358
2015-06-29,410
2015-06-28,598
2015-06-27,505
2015-06-26,504
2015-06-25,451
2015-06-24,464
2015-06-23,403
2015-06-22,409
2015-06-21,419
2015-06-20,452
2015-06-19,422
2015-06-18,382
2015-06-17,423
2015-06-16,453
2015-06-15,469
2015-06-14,401
2015-06-13,429
2015-06-12,502
2015-06-11,448
2015-06-10,430
2015-06-09,437
2015-06-08,410
2015-06-07,409
2015-06-06,470
2015-06-05,482
2015-06-04,347
2015-06-03,439
2015-06-02,442
2015-06-01,536
2015-05-31,414
2015-05-30,522
2015-05-29,449
2015-05-28,426
2015-05-27,450
2015-05-26,383
2015-05-25,427
2015-05-24,409
2015-05-23,491
2015-05-22,535
2015-05-21,431
2015-05-20,428
2015-05-19,452
2015-05-18,413
2015-05-17,493
2015-05-16,470
2015-05-15,485
2015-05-14,455
2015-05-13,412
2015-05-12,396
2015-05-11,459
2015-05-10,371
2015-05-09,416
2015-05-08,470
2015-05-07,504
2015-05-06,449
2015-05-05,449
2015-05-04,395
2015-05-03,399
2015-05-02,401
2015-05-01,475
2015-04-30,460
2015-04-29,470
2015-04-28,404
2015-04-27,416
2015-04-26,404
2015-04-25,419
2015-04-24,471
2015-04-23,363
2015-04-22,467
2015-04-21,399
2015-04-20,409
2015-04-19,462
2015-04-18,466
2015-04-17,473
2015-04-16,423
2015-04-15,485
2015-04-14,383
2015-04-13,421
2015-04-12,405
2015-04-11,466
2015-04-10,455
2015-04-09,423
2015-04-08,411
2015-04-07,392
2015-04-06,428
2015-04-05,384
2015-04-04,438
2015-04-03,462
2015-04-02,446
2015-04-01,454
2015-03-31,411
2015-03-30,438
2015-03-29,416
2015-03-28,508
2015-03-27,491
2015-03-26,436
2015-03-25,526
2015-03-24,438
2015-03-23,390
2015-03-22,430
2015-03-21,411
2015-03-20,479
2015-03-19,446
2015-03-18,402
2015-03-17,446
2015-03-16,430
2015-03-15,482
2015-03-14,460
2015-03-13,506
2015-03-12,428
2015-03-11,436
2015-03-10,428
2015-03-09,463
2015-03-08,412
2015-03-07,481
2015-03-06,478
2015-03-05,436
2015-03-04,473
2015-03-03,459
2015-03-02,414
2015-03-01,475
2015-02-28,464
2015-02-27,441
2015-02-26,445
2015-02-25,456
2015-02-24,436
2015-02-23,505
2015-02-22,445
2015-02-21,455
2015-02-20,536
2015-02-19,385
2015-02-18,448
2015-02-17,438
2015-02-16,439
2015-02-15,416
2015-02-14,442
2015-02-13,457
2015-02-12,403
2015-02-11,419
2015-02-10,429
2015-02-09,421
2015-02-08,394
2015-02-07,354
2015-02-06,424
2015-02-05,387
2015-02-04,507
2015-02-03,450
2015-02-02,467
2015-02-01,466
2015-01-31,452
2015-01-30,464
2015-01-29,444
2015-01-28,443
2015-01-27,473
2015-01-26,372
2015-01-25,365
2015-01-24,454
2015-01-23,445
2015-01-22,423
2015-01-21,408
2015-01-20,445
2015-01-19,483
2015-01-18,401
2015-01-17,490
2015-01-16,479
2015-01-15,496
2015-01-14,475
2015-01-13,422
2015-01-12,439
2015-01-11,368
2015-01-10,424
2015-01-09,509
2015-01-08,394
2015-01-07,397
2015-01-06,417
2015-01-05,459
2015-01-04,335
2015-01-03,444
2015-01-02,433
2015-01-01,553
2014-12-31,401
2014-12-30,377
2014-12-29,433
2014-12-28,360
2014-12-27,376
2014-12-26,409
2014-12-25,257
2014-12-24,370
2014-12-23,426
2014-12-22,440
2014-12-21,415
2014-12-20,420
2014-12-19,448
2014-12-18,434
2014-12-17,406
2014-12-16,355
2014-12-15,366
2014-12-14,375
2014-12-13,415
2014-12-12,433
2014-12-11,322
2014-12-10,411
2014-12-09,396
2014-12-08,398
2014-12-07,362
2014-12-06,395
2014-12-05,441
2014-12-04,357
2014-12-03,330
2014-12-02,357
2014-12-01,428
2014-11-30,321
2014-11-29,392
2014-11-28,403
2014-11-27,312
2014-11-26,454
2014-11-25,432
2014-11-24,415
2014-11-23,423
2014-11-22,450
2014-11-21,442
2014-11-20,367
2014-11-19,361
2014-11-18,422
2014-11-17,356
2014-11-16,373
2014-11-15,462
2014-11-14,470
2014-11-13,376
2014-11-12,421
2014-11-11,376
2014-11-10,417
2014-11-09,392
2014-11-08,423
2014-11-07,433
2014-11-06,404
2014-11-05,418
2014-11-04,396
2014-11-03,364
2014-11-02,370
2014-11-01,475
2014-10-31,427
2014-10-30,387
2014-10-29,494
2014-10-28,416
2014-10-27,373
2014-10-26,392
2014-10-25,460
2014-10-24,477
2014-10-23,438
2014-10-22,398
2014-10-21,413
2014-10-20,399
2014-10-19,397
2014-10-18,438
2014-10-17,438
2014-10-16,420
2014-10-15,420
2014-10-14,447
2014-10-13,433
2014-10-12,414
2014-10-11,521
2014-10-10,460
2014-10-09,460
2014-10-08,393
2014-10-07,459
2014-10-06,396
2014-10-05,432
2014-10-04,484
2014-10-03,451
2014-10-02,398
2014-10-01,446
2014-09-30,402
2014-09-29,411
2014-09-28,386
2014-09-27,497
2014-09-26,467
2014-09-25,383
2014-09-24,393
2014-09-23,425
2014-09-22,399
2014-09-21,435
2014-09-20,480
2014-09-19,464
2014-09-18,412
2014-09-17,395
2014-09-16,406
2014-09-15,383
2014-09-14,396
2014-09-13,417
2014-09-12,420
2014-09-11,404
2014-09-10,462
2014-09-09,433
2014-09-08,398
2014-09-07,353
2014-09-06,433
2014-09-05,442
2014-09-04,471
2014-09-03,385
2014-09-02,411
2014-09-01,378
2014-08-31,378
2014-08-30,467
2014-08-29,502
2014-08-28,380
2014-08-27,401
2014-08-26,428
2014-08-25,423
2014-08-24,401
2014-08-23,476
2014-08-22,483
2014-08-21,377
2014-08-20,453
2014-08-19,367
2014-08-18,474
2014-08-17,412
2014-08-16,489
2014-08-15,427
2014-08-14,448
2014-08-13,414
2014-08-12,413
2014-08-11,405
2014-08-10,457
2014-08-09,509
2014-08-08,511
2014-08-07,455
2014-08-06,430
2014-08-05,377
2014-08-04,376
2014-08-03,385
2014-08-02,443
2014-08-01,474
2014-07-31,402
2014-07-30,425
2014-07-29,462
2014-07-28,418
2014-07-27,419
2014-07-26,379
2014-07-25,434
2014-07-24,438
2014-07-23,397
2014-07-22,446
2014-07-21,444
2014-07-20,371
2014-07-19,403
2014-07-18,436
2014-07-17,404
2014-07-16,385
2014-07-15,409
2014-07-14,441
2014-07-13,365
2014-07-12,397
2014-07-11,404
2014-07-10,398
2014-07-09,446
2014-07-08,388
2014-07-07,450
2014-07-06,366
2014-07-05,393
2014-07-04,387
2014-07-03,416
2014-07-02,395
2014-07-01,423
2014-06-30,355
2014-06-29,493
2014-06-28,505
2014-06-27,470
2014-06-26,391
2014-06-25,391
2014-06-24,361
2014-06-23,418
2014-06-22,332
2014-06-21,424
2014-06-20,486
2014-06-19,380
2014-06-18,378
2014-06-17,401
2014-06-16,362
2014-06-15,375
2014-06-14,375
2014-06-13,391
2014-06-12,360
2014-06-11,360
2014-06-10,374
2014-06-09,361
2014-06-08,307
2014-06-07,382
2014-06-06,419
2014-06-05,415
2014-06-04,471
2014-06-03,403
2014-06-02,394
2014-06-01,367
2014-05-31,348
2014-05-30,375
2014-05-29,383
2014-05-28,400
2014-05-27,396
2014-05-26,407
2014-05-25,433
2014-05-24,397
2014-05-23,448
2014-05-22,379
2014-05-21,413
2014-05-20,393
2014-05-19,389
2014-05-18,436
2014-05-17,454
2014-05-16,406
2014-05-15,413
2014-05-14,412
2014-05-13,382
2014-05-12,338
2014-05-11,372
2014-05-10,386
2014-05-09,409
2014-05-08,355
2014-05-07,368
2014-05-06,426
2014-05-05,388
2014-05-04,357
2014-05-03,380
2014-05-02,425
2014-05-01,446
2014-04-30,388
2014-04-29,375
2014-04-28,414
2014-04-27,355
2014-04-26,439
2014-04-25,462
2014-04-24,448
2014-04-23,394
2014-04-22,392
2014-04-21,365
2014-04-20,365
2014-04-19,461
2014-04-18,444
2014-04-17,402
2014-04-16,470
2014-04-15,363
2014-04-14,367
2014-04-13,353
2014-04-12,481
2014-04-11,447
2014-04-10,453
2014-04-09,391
2014-04-08,402
2014-04-07,422
2014-04-06,409
2014-04-05,426
2014-04-04,409
2014-04-03,443
2014-04-02,390
2014-04-01,423
2014-03-31,352
2014-03-30,338
2014-03-29,402
2014-03-28,498
2014-03-27,494
2014-03-26,366
2014-03-25,410
2014-03-24,437
2014-03-23,402
2014-03-22,423
2014-03-21,412
2014-03-20,393
2014-03-19,513
2014-03-18,386
2014-03-17,406
2014-03-16,355
2014-03-15,441
2014-03-14,487
2014-03-13,383
2014-03-12,419
2014-03-11,402
2014-03-10,401
2014-03-09,378
2014-03-08,417
2014-03-07,458
2014-03-06,467
2014-03-05,418
2014-03-04,417
2014-03-03,383
2014-03-02,385
2014-03-01,444
2014-02-28,397
2014-02-27,422
2014-02-26,382
2014-02-25,389
2014-02-24,373
2014-02-23,367
2014-02-22,412
2014-02-21,458
2014-02-20,386
2014-02-19,404
2014-02-18,437
2014-02-17,415
2014-02-16,386
2014-02-15,477
2014-02-14,514
2014-02-13,417
2014-02-12,472
2014-02-11,373
2014-02-10,451
2014-02-09,365
2014-02-08,385
2014-02-07,407
2014-02-06,393
2014-02-05,439
2014-02-04,397
2014-02-03,393
2014-02-02,361
2014-02-01,493
2014-01-31,365
2014-01-30,376
2014-01-29,375
2014-01-28,385
2014-01-27,432
2014-01-26,405
2014-01-25,465
2014-01-24,473
2014-01-23,426
2014-01-22,420
2014-01-21,380
2014-01-20,391
2014-01-19,390
2014-01-18,454
2014-01-17,426
2014-01-16,496
2014-01-15,452
2014-01-14,457
2014-01-13,399
2014-01-12,369
2014-01-11,395
2014-01-10,465
2014-01-09,392
2014-01-08,430
2014-01-07,376
2014-01-06,393
2014-01-05,320
2014-01-04,368
2014-01-03,427
2014-01-02,387
2014-01-01,488
2013-12-31,390
2013-12-30,377
2013-12-29,383
2013-12-28,436
2013-12-27,399
2013-12-26,249
2013-12-25,152
2013-12-24,173
2013-12-23,187
2013-12-22,327
2013-12-21,339
2013-12-20,413
2013-12-19,412
2013-12-18,407
2013-12-17,424
2013-12-16,420
2013-12-15,370
2013-12-14,392
2013-12-13,387
2013-12-12,360
2013-12-11,394
2013-12-10,373
2013-12-09,350
2013-12-08,334
2013-12-07,386
2013-12-06,378
2013-12-05,400
2013-12-04,391
2013-12-03,432
2013-12-02,370
2013-12-01,437
2013-11-30,398
2013-11-29,393
2013-11-28,308
2013-11-27,390
2013-11-26,381
2013-11-25,356
2013-11-24,355
2013-11-23,461
2013-11-22,429
2013-11-21,420
2013-11-20,418
2013-11-19,365
2013-11-18,424
2013-11-17,360
2013-11-16,442
2013-11-15,431
2013-11-14,419
2013-11-13,441
2013-11-12,512
2013-11-11,375
2013-11-10,365
2013-11-09,427
2013-11-08,406
2013-11-07,377
2013-11-06,456
2013-11-05,401
2013-11-04,360
2013-11-03,361
2013-11-02,360
2013-11-01,626
2013-10-31,466
2013-10-30,428
2013-10-29,415
2013-10-28,443
2013-10-27,423
2013-10-26,451
2013-10-25,482
2013-10-24,442
2013-10-23,443
2013-10-22,473
2013-10-21,476
2013-10-20,428
2013-10-19,447
2013-10-18,455
2013-10-17,456
2013-10-16,426
2013-10-15,451
2013-10-14,421
2013-10-13,388
2013-10-12,355
2013-10-11,458
2013-10-10,447
2013-10-09,439
2013-10-08,416
2013-10-07,414
2013-10-06,445
2013-10-05,465
2013-10-04,555
2013-10-03,454
2013-10-02,482
2013-10-01,504
2013-09-30,448
2013-09-29,422
2013-09-28,471
2013-09-27,517
2013-09-26,502
2013-09-25,526
2013-09-24,449
2013-09-23,460
2013-09-22,392
2013-09-21,398
2013-09-20,485
2013-09-19,447
2013-09-18,480
2013-09-17,427
2013-09-16,434
2013-09-15,444
2013-09-14,433
2013-09-13,504
2013-09-12,481
2013-09-11,516
2013-09-10,420
2013-09-09,444
2013-09-08,434
2013-09-07,482
2013-09-06,510
2013-09-05,447
2013-09-04,472
2013-09-03,410
2013-09-02,377
2013-09-01,493
2013-08-31,409
2013-08-30,429
2013-08-29,435
2013-08-28,414
2013-08-27,430
2013-08-26,434
2013-08-25,427
2013-08-24,406
2013-08-23,488
2013-08-22,387
2013-08-21,434
2013-08-20,439
2013-08-19,482
2013-08-18,440
2013-08-17,448
2013-08-16,519
2013-08-15,476
2013-08-14,437
2013-08-13,408
2013-08-12,424
2013-08-11,457
2013-08-10,485
2013-08-09,503
2013-08-08,404
2013-08-07,435
2013-08-06,379
2013-08-05,377
2013-08-04,421
2013-08-03,437
2013-08-02,441
2013-08-01,505
2013-07-31,439
2013-07-30,435
2013-07-29,436
2013-07-28,462
2013-07-27,460
2013-07-26,479
2013-07-25,408
2013-07-24,465
2013-07-23,409
2013-07-22,456
2013-07-21,393
2013-07-20,377
2013-07-19,446
2013-07-18,426
2013-07-17,456
2013-07-16,436
2013-07-15,414
2013-07-14,397
2013-07-13,409
2013-07-12,430
2013-07-11,353
2013-07-10,398
2013-07-09,419
2013-07-08,398
2013-07-07,403
2013-07-06,379
2013-07-05,419
2013-07-04,363
2013-07-03,439
2013-07-02,399
2013-07-01,430
2013-06-30,513
2013-06-29,475
2013-06-28,478
2013-06-27,403
2013-06-26,415
2013-06-25,346
2013-06-24,386
2013-06-23,386
2013-06-22,371
2013-06-21,438
2013-06-20,403
2013-06-19,446
2013-06-18,431
2013-06-17,396
2013-06-16,372
2013-06-15,370
2013-06-14,431
2013-06-13,408
2013-06-12,432
2013-06-11,451
2013-06-10,427
2013-06-09,352
2013-06-08,357
2013-06-07,448
2013-06-06,379
2013-06-05,357
2013-06-04,375
2013-06-03,436
2013-06-02,373
2013-06-01,516
2013-05-31,438
2013-05-30,381
2013-05-29,385
2013-05-28,415
2013-05-27,339
2013-05-26,447
2013-05-25,399
2013-05-24,512
2013-05-23,384
2013-05-22,389
2013-05-21,409
2013-05-20,432
2013-05-19,468
2013-05-18,393
2013-05-17,486
2013-05-16,421
2013-05-15,420
2013-05-14,356
2013-05-13,298
2013-05-12,372
2013-05-11,381
2013-05-10,454
2013-05-09,481
2013-05-08,405
2013-05-07,463
2013-05-06,425
2013-05-05,452
2013-05-04,379
2013-05-03,416
2013-05-02,404
2013-05-01,473
2013-04-30,393
2013-04-29,405
2013-04-28,400
2013-04-27,456
2013-04-26,354
2013-04-25,422
2013-04-24,474
2013-04-23,442
2013-04-22,427
2013-04-21,407
2013-04-20,465
2013-04-19,453
2013-04-18,396
2013-04-17,432
2013-04-16,392
2013-04-15,422
2013-04-14,382
2013-04-13,417
2013-04-12,442
2013-04-11,449
2013-04-10,391
2013-04-09,434
2013-04-08,351
2013-04-07,402
2013-04-06,456
2013-04-05,495
2013-04-04,357
2013-04-03,326
2013-04-02,368
2013-04-01,446
2013-03-31,371
2013-03-30,361
2013-03-29,467
2013-03-28,401
2013-03-27,428
2013-03-26,398
2013-03-25,403
2013-03-24,414
2013-03-23,462
2013-03-22,465
2013-03-21,461
2013-03-20,408
2013-03-19,412
2013-03-18,378
2013-03-17,428
2013-03-16,412
2013-03-15,461
2013-03-14,393
2013-03-13,483
2013-03-12,382
2013-03-11,382
2013-03-10,345
2013-03-09,382
2013-03-08,484
2013-03-07,398
2013-03-06,400
2013-03-05,407
2013-03-04,413
2013-03-03,381
2013-03-02,413
2013-03-01,545
2013-02-28,395
2013-02-27,424
2013-02-26,376
2013-02-25,414
2013-02-24,379
2013-02-23,422
2013-02-22,458
2013-02-21,410
2013-02-20,389
2013-02-19,408
2013-02-18,420
2013-02-17,444
2013-02-16,504
2013-02-15,474
2013-02-14,402
2013-02-13,516
2013-02-12,391
2013-02-11,392
2013-02-10,393
2013-02-09,413
2013-02-08,442
2013-02-07,370
2013-02-06,388
2013-02-05,422
2013-02-04,380
2013-02-03,397
2013-02-02,417
2013-02-01,492
2013-01-31,495
2013-01-30,392
2013-01-29,395
2013-01-28,405
2013-01-27,386
2013-01-26,449
2013-01-25,505
2013-01-24,471
2013-01-23,430
2013-01-22,371
2013-01-21,357
2013-01-20,416
2013-01-19,423
2013-01-18,428
2013-01-17,451
2013-01-16,360
2013-01-15,394
2013-01-14,375
2013-01-13,340
2013-01-12,407
2013-01-11,390
2013-01-10,425
2013-01-09,430
2013-01-08,354
2013-01-07,397
2013-01-06,342
2013-01-05,386
2013-01-04,410
2013-01-03,349
2013-01-02,397
2013-01-01,627
2012-12-31,360
2012-12-30,441
2012-12-29,430
2012-12-28,413
2012-12-27,413
2012-12-26,307
2012-12-25,217
2012-12-24,332
2012-12-23,287
2012-12-22,398
2012-12-21,446
2012-12-20,419
2012-12-19,441
2012-12-18,396
2012-12-17,367
2012-12-16,407
2012-12-15,374
2012-12-14,421
2012-12-13,404
2012-12-12,355
2012-12-11,350
2012-12-10,337
2012-12-09,365
2012-12-08,369
2012-12-07,409
2012-12-06,386
2012-12-05,378
2012-12-04,359
2012-12-03,370
2012-12-02,354
2012-12-01,437
2012-11-30,417
2012-11-29,394
2012-11-28,353
2012-11-27,394
2012-11-26,362
2012-11-25,324
2012-11-24,424
2012-11-23,398
2012-11-22,247
2012-11-21,410
2012-11-20,452
2012-11-19,432
2012-11-18,400
2012-11-17,408
2012-11-16,453
2012-11-15,399
2012-11-14,413
2012-11-13,435
2012-11-12,358
2012-11-11,388
2012-11-10,458
2012-11-09,418
2012-11-08,347
2012-11-07,353
2012-11-06,394
2012-11-05,394
2012-11-04,392
2012-11-03,478
2012-11-02,483
2012-11-01,440
2012-10-31,481
2012-10-30,374
2012-10-29,443
2012-10-28,502
2012-10-27,378
2012-10-26,442
2012-10-25,436
2012-10-24,389
2012-10-23,393
2012-10-22,423
2012-10-21,323
2012-10-20,428
2012-10-19,498
2012-10-18,431
2012-10-17,510
2012-10-16,448
2012-10-15,437
2012-10-14,427
2012-10-13,401
2012-10-12,437
2012-10-11,339
2012-10-10,410
2012-10-09,366
2012-10-08,349
2012-10-07,466
2012-10-06,505
2012-10-05,436
2012-10-04,362
2012-10-03,395
2012-10-02,411
2012-10-01,547
2012-09-30,392
2012-09-29,417
2012-09-28,409
2012-09-27,365
2012-09-26,356
2012-09-25,357
2012-09-24,348
2012-09-23,416
2012-09-22,386
2012-09-21,458
2012-09-20,388
2012-09-19,408
2012-09-18,345
2012-09-17,393
2012-09-16,382
2012-09-15,404
2012-09-14,495
2012-09-13,394
2012-09-12,422
2012-09-11,364
2012-09-10,400
2012-09-09,402
2012-09-08,405
2012-09-07,388
2012-09-06,403
2012-09-05,372
2012-09-04,399
2012-09-03,422
2012-09-02,364
2012-09-01,456
2012-08-31,446
2012-08-30,410
2012-08-29,439
2012-08-28,425
2012-08-27,369
2012-08-26,356
2012-08-25,456
2012-08-24,440
2012-08-23,412
2012-08-22,411
2012-08-21,421
2012-08-20,408
2012-08-19,360
2012-08-18,352
2012-08-17,398
2012-08-16,379
2012-08-15,406
2012-08-14,399
2012-08-13,391
2012-08-12,347
2012-08-11,386
2012-08-10,390
2012-08-09,389
2012-08-08,359
2012-08-07,322
2012-08-06,384
2012-08-05,392
2012-08-04,418
2012-08-03,425
2012-08-02,358
2012-08-01,485
2012-07-31,328
2012-07-30,343
2012-07-29,373
2012-07-28,427
2012-07-27,417
2012-07-26,358
2012-07-25,398
2012-07-24,363
2012-07-23,363
2012-07-22,314
2012-07-21,404
2012-07-20,423
2012-07-19,378
2012-07-18,341
2012-07-17,330
2012-07-16,352
2012-07-15,409
2012-07-14,399
2012-07-13,407
2012-07-12,373
2012-07-11,327
2012-07-10,358
2012-07-09,350
2012-07-08,312
2012-07-07,329
2012-07-06,369
2012-07-05,363
2012-07-04,417
2012-07-03,439
2012-07-02,374
2012-07-01,370
2012-06-30,396
2012-06-29,389
2012-06-28,455
2012-06-27,433
2012-06-26,405
2012-06-25,376
2012-06-24,507
2012-06-23,453
2012-06-22,387
2012-06-21,367
2012-06-20,388
2012-06-19,345
2012-06-18,341
2012-06-17,343
2012-06-16,319
2012-06-15,370
2012-06-14,323
2012-06-13,381
2012-06-12,296
2012-06-11,337
2012-06-10,330
2012-06-09,306
2012-06-08,328
2012-06-07,295
2012-06-06,317
2012-06-05,327
2012-06-04,348
2012-06-03,371
2012-06-02,370
2012-06-01,460
2012-05-31,352
2012-05-30,411
2012-05-29,380
2012-05-28,329
2012-05-27,357
2012-05-26,380
2012-05-25,403
2012-05-24,370
2012-05-23,381
2012-05-22,357
2012-05-21,349
2012-05-20,435
2012-05-19,396
2012-05-18,398
2012-05-17,332
2012-05-16,409
2012-05-15,383
2012-05-14,346
2012-05-13,310
2012-05-12,386
2012-05-11,442
2012-05-10,386
2012-05-09,377
2012-05-08,421
2012-05-07,335
2012-05-06,387
2012-05-05,404
2012-05-04,442
2012-05-03,367
2012-05-02,386
2012-05-01,402
2012-04-30,402
2012-04-29,331
2012-04-28,417
2012-04-27,449
2012-04-26,361
2012-04-25,364
2012-04-24,363
2012-04-23,404
2012-04-22,326
2012-04-21,419
2012-04-20,420
2012-04-19,392
2012-04-18,369
2012-04-17,392
2012-04-16,367
2012-04-15,364
2012-04-14,360
2012-04-13,415
2012-04-12,379
2012-04-11,354
2012-04-10,348
2012-04-09,338
2012-04-08,327
2012-04-07,364
2012-04-06,361
2012-04-05,347
2012-04-04,441
2012-04-03,346
2012-04-02,345
2012-04-01,393
2012-03-31,346
2012-03-30,372
2012-03-29,328
2012-03-28,318
2012-03-27,303
2012-03-26,350
2012-03-25,362
2012-03-24,348
2012-03-23,440
2012-03-22,389
2012-03-21,409
2012-03-20,376
2012-03-19,367
2012-03-18,366
2012-03-17,396
2012-03-16,381
2012-03-15,356
2012-03-14,316
2012-03-13,337
2012-03-12,348
2012-03-11,392
2012-03-10,393
2012-03-09,423
2012-03-08,383
2012-03-07,349
2012-03-06,315
2012-03-05,395
2012-03-04,363
2012-03-03,395
2012-03-02,420
2012-03-01,421
2012-02-29,361
2012-02-28,384
2012-02-27,373
2012-02-26,324
2012-02-25,424
2012-02-24,424
2012-02-23,409
2012-02-22,413
2012-02-21,371
2012-02-20,308
2012-02-19,345
2012-02-18,341
2012-02-17,369
2012-02-16,317
2012-02-15,402
2012-02-14,345
2012-02-13,344
2012-02-12,394
2012-02-11,395
2012-02-10,389
2012-02-09,375
2012-02-08,382
2012-02-07,375
2012-02-06,383
2012-02-05,359
2012-02-04,386
2012-02-03,437
2012-02-02,369
2012-02-01,431
2012-01-31,369
2012-01-30,339
2012-01-29,370
2012-01-28,411
2012-01-27,424
2012-01-26,393
2012-01-25,474
2012-01-24,339
2012-01-23,335
2012-01-22,340
2012-01-21,364
2012-01-20,382
2012-01-19,315
2012-01-18,305
2012-01-17,348
2012-01-16,299
2012-01-15,348
2012-01-14,383
2012-01-13,422
2012-01-12,437
2012-01-11,402
2012-01-10,395
2012-01-09,324
2012-01-08,347
2012-01-07,351
2012-01-06,399
2012-01-05,436
2012-01-04,388
2012-01-03,367
2012-01-02,293
2012-01-01,530
2011-12-31,420
2011-12-30,376
2011-12-29,334
2011-12-28,368
2011-12-27,328
2011-12-26,296
2011-12-25,168
2011-12-24,321
2011-12-23,383
2011-12-22,393
2011-12-21,351
2011-12-20,405
2011-12-19,393
2011-12-18,331
2011-12-17,372
2011-12-16,445
2011-12-15,379
2011-12-14,371
2011-12-13,329
2011-12-12,348
2011-12-11,309
2011-12-10,318
2011-12-09,363
2011-12-08,283
2011-12-07,347
2011-12-06,334
2011-12-05,358
2011-12-04,370
2011-12-03,338
2011-12-02,421
2011-12-01,380
2011-11-30,362
2011-11-29,344
2011-11-28,310
2011-11-27,322
2011-11-26,380
2011-11-25,363
2011-11-24,222
2011-11-23,404
2011-11-22,332
2011-11-21,338
2011-11-20,332
2011-11-19,347
2011-11-18,378
2011-11-17,365
2011-11-16,327
2011-11-15,400
2011-11-14,325
2011-11-13,328
2011-11-12,341
2011-11-11,337
2011-11-10,374
2011-11-09,354
2011-11-08,365
2011-11-07,333
2011-11-06,330
2011-11-05,335
2011-11-04,392
2011-11-03,394
2011-11-02,342
2011-11-01,478
2011-10-31,421
2011-10-30,392
2011-10-29,398
2011-10-28,405
2011-10-27,379
2011-10-26,331
2011-10-25,324
2011-10-24,378
2011-10-23,383
2011-10-22,374
2011-10-21,373
2011-10-20,377
2011-10-19,420
2011-10-18,373
2011-10-17,330
2011-10-16,356
2011-10-15,407
2011-10-14,374
2011-10-13,409
2011-10-12,387
2011-10-11,338
2011-10-10,335
2011-10-09,334
2011-10-08,364
2011-10-07,340
2011-10-06,323
2011-10-05,337
2011-10-04,358
2011-10-03,303
2011-10-02,337
2011-10-01,485
2011-09-30,445
2011-09-29,386
2011-09-28,402
2011-09-27,343
2011-09-26,397
2011-09-25,342
2011-09-24,417
2011-09-23,427
2011-09-22,402
2011-09-21,419
2011-09-20,404
2011-09-19,304
2011-09-18,336
2011-09-17,364
2011-09-16,381
2011-09-15,372
2011-09-14,348
2011-09-13,321
2011-09-12,395
2011-09-11,401
2011-09-10,374
2011-09-09,435
2011-09-08,333
2011-09-07,332
2011-09-06,343
2011-09-05,345
2011-09-04,325
2011-09-03,365
2011-09-02,375
2011-09-01,424
2011-08-31,390
2011-08-30,369
2011-08-29,304
2011-08-28,338
2011-08-27,436
2011-08-26,401
2011-08-25,376
2011-08-24,353
2011-08-23,324
2011-08-22,303
2011-08-21,299
2011-08-20,411
2011-08-19,415
2011-08-18,335
2011-08-17,340
2011-08-16,333
2011-08-15,337
2011-08-14,325
2011-08-13,377
2011-08-12,391
2011-08-11,417
2011-08-10,334
2011-08-09,328
2011-08-08,353
2011-08-07,301
2011-08-06,356
2011-08-05,417
2011-08-04,366
2011-08-03,393
2011-08-02,299
2011-08-01,354
2011-07-31,313
2011-07-30,342
2011-07-29,352
2011-07-28,362
2011-07-27,401
2011-07-26,388
2011-07-25,304
2011-07-24,327
2011-07-23,421
2011-07-22,393
2011-07-21,337
2011-07-20,359
2011-07-19,328
2011-07-18,279
2011-07-17,315
2011-07-16,314
2011-07-15,389
2011-07-14,351
2011-07-13,381
2011-07-12,283
2011-07-11,260
2011-07-10,328
2011-07-09,342
2011-07-08,365
2011-07-07,361
2011-07-06,376
2011-07-05,312
2011-07-04,321
2011-07-03,306
2011-07-02,409
2011-07-01,425
2011-06-30,401
2011-06-29,354
2011-06-28,331
2011-06-27,349
2011-06-26,389
2011-06-25,402
2011-06-24,398
2011-06-23,391
2011-06-22,453
2011-06-21,357
2011-06-20,373
2011-06-19,335
2011-06-18,400
2011-06-17,349
2011-06-16,359
2011-06-15,390
2011-06-14,346
2011-06-13,306
2011-06-12,292
2011-06-11,371
2011-06-10,337
2011-06-09,320
2011-06-08,372
2011-06-07,317
2011-06-06,308
2011-06-05,387
2011-06-04,372
2011-06-03,399
2011-06-02,369
2011-06-01,468
2011-05-31,329
2011-05-30,294
2011-05-29,401
2011-05-28,413
2011-05-27,460
2011-05-26,370
2011-05-25,367
2011-05-24,394
2011-05-23,317
2011-05-22,343
2011-05-21,458
2011-05-20,375
2011-05-19,422
2011-05-18,371
2011-05-17,339
2011-05-16,337
2011-05-15,424
2011-05-14,360
2011-05-13,403
2011-05-12,325
2011-05-11,363
2011-05-10,320
2011-05-09,351
2011-05-08,309
2011-05-07,344
2011-05-06,383
2011-05-05,405
2011-05-04,388
2011-05-03,316
2011-05-02,329
2011-05-01,441
2011-04-30,371
2011-04-29,356
2011-04-28,387
2011-04-27,383
2011-04-26,363
2011-04-25,346
2011-04-24,289
2011-04-23,361
2011-04-22,401
2011-04-21,356
2011-04-20,394
2011-04-19,397
2011-04-18,315
2011-04-17,324
2011-04-16,421
2011-04-15,425
2011-04-14,384
2011-04-13,386
2011-04-12,334
2011-04-11,371
2011-04-10,319
2011-04-09,394
2011-04-08,439
2011-04-07,374
2011-04-06,397
2011-04-05,342
2011-04-04,343
2011-04-03,350
2011-04-02,395
2011-04-01,513
2011-03-31,361
2011-03-30,406
2011-03-29,349
2011-03-28,325
2011-03-27,318
2011-03-26,392
2011-03-25,411
2011-03-24,356
2011-03-23,354
2011-03-22,353
2011-03-21,312
2011-03-20,339
2011-03-19,400
2011-03-18,388
2011-03-17,360
2011-03-16,395
2011-03-15,384
2011-03-14,328
2011-03-13,349
2011-03-12,389
2011-03-11,422
2011-03-10,313
2011-03-09,399
2011-03-08,357
2011-03-07,346
2011-03-06,298
2011-03-05,389
2011-03-04,378
2011-03-03,380
2011-03-02,394
2011-03-01,452
2011-02-28,371
2011-02-27,307
2011-02-26,400
2011-02-25,352
2011-02-24,321
2011-02-23,382
2011-02-22,358
2011-02-21,360
2011-02-20,329
2011-02-19,363
2011-02-18,318
2011-02-17,300
2011-02-16,380
2011-02-15,318
2011-02-14,289
2011-02-13,337
2011-02-12,390
2011-02-11,409
2011-02-10,362
2011-02-09,344
2011-02-08,376
2011-02-07,331
2011-02-06,349
2011-02-05,394
2011-02-04,379
2011-02-03,357
2011-02-02,360
2011-02-01,447
2011-01-31,339
2011-01-30,313
2011-01-29,332
2011-01-28,407
2011-01-27,387
2011-01-26,396
2011-01-25,370
2011-01-24,306
2011-01-23,334
2011-01-22,366
2011-01-21,425
2011-01-20,375
2011-01-19,388
2011-01-18,352
2011-01-17,322
2011-01-16,356
2011-01-15,441
2011-01-14,391
2011-01-13,370
2011-01-12,383
2011-01-11,372
2011-01-10,351
2011-01-09,339
2011-01-08,354
2011-01-07,382
2011-01-06,376
2011-01-05,410
2011-01-04,379
2011-01-03,363
2011-01-02,305
2011-01-01,650
2010-12-31,397
2010-12-30,324
2010-12-29,376
2010-12-28,318
2010-12-27,333
2010-12-26,297
2010-12-25,175
2010-12-24,315
2010-12-23,354
2010-12-22,391
2010-12-21,372
2010-12-20,406
2010-12-19,328
2010-12-18,384
2010-12-17,364
2010-12-16,409
2010-12-15,438
2010-12-14,289
2010-12-13,399
2010-12-12,358
2010-12-11,361
2010-12-10,368
2010-12-09,325
2010-12-08,298
2010-12-07,318
2010-12-06,333
2010-12-05,285
2010-12-04,337
2010-12-03,336
2010-12-02,366
2010-12-01,415
2010-11-30,347
2010-11-29,358
2010-11-28,336
2010-11-27,304
2010-11-26,355
2010-11-25,259
2010-11-24,423
2010-11-23,315
2010-11-22,339
2010-11-21,345
2010-11-20,348
2010-11-19,364
2010-11-18,334
2010-11-17,373
2010-11-16,366
2010-11-15,347
2010-11-14,340
2010-11-13,397
2010-11-12,331
2010-11-11,374
2010-11-10,412
2010-11-09,357
2010-11-08,360
2010-11-07,333
2010-11-06,370
2010-11-05,375
2010-11-04,390
2010-11-03,451
2010-11-02,370
2010-11-01,435
2010-10-31,406
2010-10-30,379
2010-10-29,345
2010-10-28,342
2010-10-27,462
2010-10-26,297
2010-10-25,365
2010-10-24,355
2010-10-23,393
2010-10-22,428
2010-10-21,382
2010-10-20,409
2010-10-19,402
2010-10-18,322
2010-10-17,333
2010-10-16,381
2010-10-15,403
2010-10-14,420
2010-10-13,389
2010-10-12,403
2010-10-11,332
2010-10-10,361
2010-10-09,423
2010-10-08,396
2010-10-07,399
2010-10-06,382
2010-10-05,405
2010-10-04,338
2010-10-03,350
2010-10-02,355
2010-10-01,550
2010-09-30,401
2010-09-29,465
2010-09-28,366
2010-09-27,411
2010-09-26,326
2010-09-25,413
2010-09-24,419
2010-09-23,385
2010-09-22,431
2010-09-21,403
2010-09-20,388
2010-09-19,354
2010-09-18,389
2010-09-17,370
2010-09-16,414
2010-09-15,355
2010-09-14,404
2010-09-13,358
2010-09-12,370
2010-09-11,366
2010-09-10,409
2010-09-09,400
2010-09-08,397
2010-09-07,365
2010-09-06,381
2010-09-05,355
2010-09-04,394
2010-09-03,423
2010-09-02,403
2010-09-01,477
2010-08-31,430
2010-08-30,342
2010-08-29,380
2010-08-28,351
2010-08-27,414
2010-08-26,411
2010-08-25,371
2010-08-24,449
2010-08-23,383
2010-08-22,336
2010-08-21,361
2010-08-20,420
2010-08-19,409
2010-08-18,346
2010-08-17,356
2010-08-16,345
2010-08-15,380
2010-08-14,382
2010-08-13,391
2010-08-12,361
2010-08-11,366
2010-08-10,343
2010-08-09,366
2010-08-08,348
2010-08-07,341
2010-08-06,388
2010-08-05,355
2010-08-04,376
2010-08-03,390
2010-08-02,345
2010-08-01,410
2010-07-31,357
2010-07-30,363
2010-07-29,317
2010-07-28,392
2010-07-27,342
2010-07-26,305
2010-07-25,349
2010-07-24,401
2010-07-23,371
2010-07-22,402
2010-07-21,357
2010-07-20,320
2010-07-19,314
2010-07-18,330
2010-07-17,395
2010-07-16,389
2010-07-15,399
2010-07-14,380
2010-07-13,361
2010-07-12,336
2010-07-11,305
2010-07-10,356
2010-07-09,334
2010-07-08,253
2010-07-07,377
2010-07-06,311
2010-07-05,289
2010-07-04,348
2010-07-03,394
2010-07-02,417
2010-07-01,382
2010-06-30,315
2010-06-29,339
2010-06-28,340
2010-06-27,397
2010-06-26,435
2010-06-25,402
2010-06-24,307
2010-06-23,371
2010-06-22,344
2010-06-21,300
2010-06-20,304
2010-06-19,364
2010-06-18,379
2010-06-17,373
2010-06-16,416
2010-06-15,376
2010-06-14,380
2010-06-13,336
2010-06-12,359
2010-06-11,361
2010-06-10,334
2010-06-09,338
2010-06-08,335
2010-06-07,348
2010-06-06,357
2010-06-05,352
2010-06-04,406
2010-06-03,325
2010-06-02,410
2010-06-01,452
2010-05-31,281
2010-05-30,354
2010-05-29,325
2010-05-28,393
2010-05-27,353
2010-05-26,391
2010-05-25,351
2010-05-24,384
2010-05-23,347
2010-05-22,399
2010-05-21,414
2010-05-20,376
2010-05-19,490
2010-05-18,363
2010-05-17,346
2010-05-16,423
2010-05-15,330
2010-05-14,414
2010-05-13,362
2010-05-12,392
2010-05-11,365
2010-05-10,344
2010-05-09,327
2010-05-08,411
2010-05-07,401
2010-05-06,365
2010-05-05,449
2010-05-04,376
2010-05-03,361
2010-05-02,316
2010-05-01,370
2010-04-30,355
2010-04-29,331
2010-04-28,368
2010-04-27,372
2010-04-26,343
2010-04-25,352
2010-04-24,370
2010-04-23,357
2010-04-22,338
2010-04-21,373
2010-04-20,342
2010-04-19,343
2010-04-18,274
2010-04-17,343
2010-04-16,399
2010-04-15,377
2010-04-14,343
2010-04-13,357
2010-04-12,348
2010-04-11,252
2010-04-10,365
2010-04-09,354
2010-04-08,379
2010-04-07,363
2010-04-06,351
2010-04-05,351
2010-04-04,232
2010-04-03,342
2010-04-02,368
2010-04-01,444
2010-03-31,371
2010-03-30,337
2010-03-29,345
2010-03-28,303
2010-03-27,339
2010-03-26,369
2010-03-25,372
2010-03-24,427
2010-03-23,356
2010-03-22,318
2010-03-21,318
2010-03-20,335
2010-03-19,375
2010-03-18,378
2010-03-17,428
2010-03-16,366
2010-03-15,381
2010-03-14,367
2010-03-13,390
2010-03-12,337
2010-03-11,342
2010-03-10,367
2010-03-09,357
2010-03-08,353
2010-03-07,358
2010-03-06,355
2010-03-05,391
2010-03-04,316
2010-03-03,328
2010-03-02,346
2010-03-01,406
2010-02-28,358
2010-02-27,330
2010-02-26,383
2010-02-25,369
2010-02-24,344
2010-02-23,283
2010-02-22,356
2010-02-21,280
2010-02-20,352
2010-02-19,355
2010-02-18,376
2010-02-17,475
2010-02-16,359
2010-02-15,350
2010-02-14,389
2010-02-13,409
2010-02-12,388
2010-02-11,352
2010-02-10,424
2010-02-09,367
2010-02-08,311
2010-02-07,312
2010-02-06,345
2010-02-05,410
2010-02-04,356
2010-02-03,406
2010-02-02,389
2010-02-01,412
2010-01-31,297
2010-01-30,320
2010-01-29,373
2010-01-28,345
2010-01-27,417
2010-01-26,342
2010-01-25,393
2010-01-24,357
2010-01-23,361
2010-01-22,387
2010-01-21,316
2010-01-20,356
2010-01-19,359
2010-01-18,321
2010-01-17,318
2010-01-16,395
2010-01-15,454
2010-01-14,405
2010-01-13,389
2010-01-12,370
2010-01-11,361
2010-01-10,358
2010-01-09,354
2010-01-08,356
2010-01-07,331
2010-01-06,373
2010-01-05,341
2010-01-04,328
2010-01-03,356
2010-01-02,368
2010-01-01,569
2009-12-31,345
2009-12-30,360
2009-12-29,355
2009-12-28,312
2009-12-27,350
2009-12-26,268
2009-12-25,231
2009-12-24,313
2009-12-23,416
2009-12-22,390
2009-12-21,337
2009-12-20,343
2009-12-19,347
2009-12-18,365
2009-12-17,423
2009-12-16,370
2009-12-15,408
2009-12-14,328
2009-12-13,273
2009-12-12,326
2009-12-11,325
2009-12-10,307
2009-12-09,338
2009-12-08,322
2009-12-07,341
2009-12-06,313
2009-12-05,365
2009-12-04,368
2009-12-03,359
2009-12-02,348
2009-12-01,398
2009-11-30,344
2009-11-29,341
2009-11-28,360
2009-11-27,293
2009-11-26,278
2009-11-25,379
2009-11-24,410
2009-11-23,392
2009-11-22,288
2009-11-21,411
2009-11-20,421
2009-11-19,401
2009-11-18,416
2009-11-17,363
2009-11-16,396
2009-11-15,365
2009-11-14,345
2009-11-13,404
2009-11-12,360
2009-11-11,432
2009-11-10,386
2009-11-09,334
2009-11-08,367
2009-11-07,406
2009-11-06,370
2009-11-05,370
2009-11-04,399
2009-11-03,408
2009-11-02,409
2009-11-01,502
2009-10-31,409
2009-10-30,400
2009-10-29,374
2009-10-28,362
2009-10-27,417
2009-10-26,383
2009-10-25,372
2009-10-24,391
2009-10-23,454
2009-10-22,367
2009-10-21,370
2009-10-20,356
2009-10-19,315
2009-10-18,332
2009-10-17,413
2009-10-16,403
2009-10-15,366
2009-10-14,411
2009-10-13,307
2009-10-12,353
2009-10-11,435
2009-10-10,371
2009-10-09,432
2009-10-08,360
2009-10-07,390
2009-10-06,383
2009-10-05,406
2009-10-04,355
2009-10-03,432
2009-10-02,423
2009-10-01,452
2009-09-30,374
2009-09-29,422
2009-09-28,337
2009-09-27,358
2009-09-26,428
2009-09-25,475
2009-09-24,387
2009-09-23,412
2009-09-22,418
2009-09-21,361
2009-09-20,423
2009-09-19,405
2009-09-18,443
2009-09-17,454
2009-09-16,408
2009-09-15,485
2009-09-14,402
2009-09-13,397
2009-09-12,398
2009-09-11,388
2009-09-10,417
2009-09-09,410
2009-09-08,425
2009-09-07,411
2009-09-06,387
2009-09-05,447
2009-09-04,420
2009-09-03,359
2009-09-02,411
2009-09-01,494
2009-08-31,445
2009-08-30,405
2009-08-29,474
2009-08-28,482
2009-08-27,398
2009-08-26,384
2009-08-25,473
2009-08-24,438
2009-08-23,406
2009-08-22,455
2009-08-21,465
2009-08-20,384
2009-08-19,425
2009-08-18,452
2009-08-17,367
2009-08-16,374
2009-08-15,500
2009-08-14,414
2009-08-13,407
2009-08-12,405
2009-08-11,382
2009-08-10,401
2009-08-09,346
2009-08-08,401
2009-08-07,447
2009-08-06,435
2009-08-05,457
2009-08-04,369
2009-08-03,345
2009-08-02,358
2009-08-01,471
2009-07-31,339
2009-07-30,374
2009-07-29,388
2009-07-28,418
2009-07-27,350
2009-07-26,354
2009-07-25,374
2009-07-24,385
2009-07-23,341
2009-07-22,379
2009-07-21,367
2009-07-20,364
2009-07-19,417
2009-07-18,410
2009-07-17,348
2009-07-16,363
2009-07-15,418
2009-07-14,402
2009-07-13,341
2009-07-12,349
2009-07-11,320
2009-07-10,328
2009-07-09,372
2009-07-08,342
2009-07-07,340
2009-07-06,345
2009-07-05,366
2009-07-04,354
2009-07-03,466
2009-07-02,312
2009-07-01,394
2009-06-30,337
2009-06-29,304
2009-06-28,382
2009-06-27,347
2009-06-26,326
2009-06-25,337
2009-06-24,324
2009-06-23,359
2009-06-22,330
2009-06-21,300
2009-06-20,354
2009-06-19,369
2009-06-18,364
2009-06-17,408
2009-06-16,352
2009-06-15,386
2009-06-14,315
2009-06-13,331
2009-06-12,375
2009-06-11,365
2009-06-09,389
2009-06-08,363
2009-06-07,338
2009-06-06,330
2009-06-05,369
2009-06-04,354
2009-06-03,385
2009-06-02,418
2009-06-01,448
2009-05-31,299
2009-05-30,373
2009-05-29,382
2009-05-28,330
2009-05-27,353
2009-05-26,326
2009-05-25,372
2009-05-24,322
2009-05-23,350
2009-05-22,302
2009-05-21,334
2009-05-20,369
2009-05-19,358
2009-05-18,373
2009-05-17,462
2009-05-16,359
2009-05-15,456
2009-05-14,392
2009-05-13,379
2009-05-12,395
2009-05-11,387
2009-05-10,305
2009-05-09,369
2009-05-08,421
2009-05-07,370
2009-05-06,425
2009-05-05,333
2009-05-04,378
2009-05-03,307
2009-05-02,357
2009-05-01,426
2009-04-30,428
2009-04-29,399
2009-04-28,431
2009-04-27,303
2009-04-26,370
2009-04-25,376
2009-04-24,433
2009-04-23,396
2009-04-22,456
2009-04-21,421
2009-04-20,430
2009-04-19,381
2009-04-18,419
2009-04-17,391
2009-04-16,406
2009-04-15,370
2009-04-14,426
2009-04-13,361
2009-04-12,363
2009-04-11,403
2009-04-10,364
2009-04-09,382
2009-04-08,449
2009-04-07,361
2009-04-06,418
2009-04-05,380
2009-04-04,450
2009-04-03,431
2009-04-02,395
2009-04-01,501
2009-03-31,399
2009-03-30,438
2009-03-29,450
2009-03-28,394
2009-03-27,370
2009-03-26,395
2009-03-25,422
2009-03-24,437
2009-03-23,397
2009-03-22,369
2009-03-21,389
2009-03-20,490
2009-03-19,392
2009-03-18,457
2009-03-17,414
2009-03-16,408
2009-03-15,363
2009-03-14,345
2009-03-13,425
2009-03-12,446
2009-03-11,411
2009-03-10,377
2009-03-09,396
2009-03-08,356
2009-03-07,403
2009-03-06,449
2009-03-05,409
2009-03-04,439
2009-03-03,406
2009-03-02,362
2009-03-01,455
2009-02-28,426
2009-02-27,424
2009-02-26,386
2009-02-25,411
2009-02-24,449
2009-02-23,389
2009-02-22,318
2009-02-21,436
2009-02-20,420
2009-02-19,410
2009-02-18,433
2009-02-17,338
2009-02-16,353
2009-02-15,328
2009-02-14,385
2009-02-13,378
2009-02-12,369
2009-02-11,363
2009-02-10,358
2009-02-09,402
2009-02-08,297
2009-02-07,338
2009-02-06,380
2009-02-05,348
2009-02-04,365
2009-02-03,377
2009-02-02,424
2009-02-01,417
2009-01-31,392
2009-01-30,383
2009-01-29,335
2009-01-28,376
2009-01-27,392
2009-01-26,364
2009-01-25,343
2009-01-24,396
2009-01-23,318
2009-01-22,378
2009-01-21,359
2009-01-20,390
2009-01-19,396
2009-01-18,358
2009-01-17,414
2009-01-16,443
2009-01-15,362
2009-01-14,384
2009-01-13,422
2009-01-12,346
2009-01-11,378
2009-01-10,406
2009-01-09,360
2009-01-08,368
2009-01-07,418
2009-01-06,421
2009-01-05,341
2009-01-04,350
2009-01-03,400
2009-01-02,330
2009-01-01,606
2008-12-31,355
2008-12-30,387
2008-12-29,375
2008-12-28,335
2008-12-27,375
2008-12-26,284
2008-12-25,199
2008-12-24,312
2008-12-23,296
2008-12-22,390
2008-12-21,336
2008-12-20,458
2008-12-19,372
2008-12-18,323
2008-12-17,343
2008-12-16,332
2008-12-15,347
2008-12-14,292
2008-12-13,364
2008-12-12,358
2008-12-11,363
2008-12-10,384
2008-12-09,367
2008-12-08,417
2008-12-07,355
2008-12-06,463
2008-12-05,394
2008-12-04,390
2008-12-03,373
2008-12-02,403
2008-12-01,432
2008-11-30,350
2008-11-29,404
2008-11-28,299
2008-11-27,263
2008-11-26,368
2008-11-25,420
2008-11-24,411
2008-11-23,398
2008-11-22,410
2008-11-21,455
2008-11-20,409
2008-11-19,412
2008-11-18,399
2008-11-17,417
2008-11-16,362
2008-11-15,435
2008-11-14,463
2008-11-13,466
2008-11-12,442
2008-11-11,393
2008-11-10,450
2008-11-09,394
2008-11-08,394
2008-11-07,396
2008-11-06,316
2008-11-05,356
2008-11-04,453
2008-11-03,368
2008-11-02,354
2008-11-01,491
2008-10-31,415
2008-10-30,381
2008-10-29,434
2008-10-28,415
2008-10-27,409
2008-10-26,346
2008-10-25,470
2008-10-24,453
2008-10-23,418
2008-10-22,397
2008-10-21,381
2008-10-20,336
2008-10-19,384
2008-10-18,426
2008-10-17,411
2008-10-16,409
2008-10-15,491
2008-10-14,420
2008-10-13,411
2008-10-12,405
2008-10-11,441
2008-10-10,450
2008-10-09,391
2008-10-08,495
2008-10-07,396
2008-10-06,389
2008-10-05,416
2008-10-04,490
2008-10-03,418
2008-10-02,364
2008-10-01,479
2008-09-30,460
2008-09-29,389
2008-09-28,445
2008-09-27,444
2008-09-26,401
2008-09-25,409
2008-09-24,478
2008-09-23,416
2008-09-22,365
2008-09-21,342
2008-09-20,393
2008-09-19,397
2008-09-18,405
2008-09-17,372
2008-09-16,361
2008-09-15,373
2008-09-14,386
2008-09-13,402
2008-09-12,432
2008-09-11,392
2008-09-10,404
2008-09-09,374
2008-09-08,391
2008-09-07,370
2008-09-06,472
2008-09-05,412
2008-09-04,353
2008-09-03,377
2008-09-02,381
2008-09-01,510
2008-08-31,407
2008-08-30,376
2008-08-29,418
2008-08-28,379
2008-08-27,407
2008-08-26,410
2008-08-25,442
2008-08-24,389
2008-08-23,413
2008-08-22,382
2008-08-21,365
2008-08-20,428
2008-08-19,329
2008-08-18,387
2008-08-17,329
2008-08-16,360
2008-08-15,394
2008-08-14,332
2008-08-13,395
2008-08-12,405
2008-08-11,365
2008-08-10,384
2008-08-09,390
2008-08-08,365
2008-08-07,329
2008-08-06,350
2008-08-05,373
2008-08-04,391
2008-08-03,345
2008-08-02,373
2008-08-01,8
2008-07-31,359
2008-07-30,432
2008-07-29,424
2008-07-28,383
2008-07-27,386
2008-07-26,394
2008-07-25,424
2008-07-24,381
2008-07-23,367
2008-07-22,394
2008-07-21,332
2008-07-20,343
2008-07-19,360
2008-07-18,474
2008-07-17,406
2008-07-16,400
2008-07-15,384
2008-07-14,358
2008-07-13,418
2008-07-12,436
2008-07-11,432
2008-07-10,452
2008-07-09,449
2008-07-08,413
2008-07-07,353
2008-07-06,315
2008-07-05,384
2008-07-04,414
2008-07-03,370
2008-07-02,395
2008-07-01,476
2008-06-30,340
2008-06-29,365
2008-06-28,400
2008-06-27,376
2008-06-26,387
2008-06-25,325
2008-06-24,397
2008-06-23,374
2008-06-22,325
2008-06-21,353
2008-06-20,395
2008-06-19,335
2008-06-18,276
2008-06-17,267
2008-06-16,248
2008-06-15,352
2008-06-14,372
2008-06-13,372
2008-06-12,364
2008-06-11,365
2008-06-10,327
2008-06-09,325
2008-06-08,379
2008-06-07,342
2008-06-06,407
2008-06-05,375
2008-06-04,382
2008-06-03,362
2008-06-02,373
2008-06-01,455
2008-05-31,386
2008-05-30,429
2008-05-29,371
2008-05-28,403
2008-05-27,368
2008-05-26,367
2008-05-25,383
2008-05-24,399
2008-05-23,395
2008-05-22,388
2008-05-21,316
2008-05-20,442
2008-05-19,368
2008-05-18,365
2008-05-17,404
2008-05-16,384
2008-05-15,336
2008-05-14,395
2008-05-13,332
2008-05-12,316
2008-05-11,343
2008-05-10,409
2008-05-09,377
2008-05-08,356
2008-05-07,373
2008-05-06,362
2008-05-05,373
2008-05-04,387
2008-05-03,432
2008-05-02,438
2008-05-01,484
2008-04-30,324
2008-04-29,372
2008-04-28,374
2008-04-27,327
2008-04-26,427
2008-04-25,411
2008-04-24,382
2008-04-23,361
2008-04-22,350
2008-04-21,366
2008-04-20,430
2008-04-19,411
2008-04-18,386
2008-04-17,335
2008-04-16,401
2008-04-15,371
2008-04-14,362
2008-04-13,368
2008-04-12,399
2008-04-11,418
2008-04-10,393
2008-04-09,357
2008-04-08,372
2008-04-07,399
2008-04-06,354
2008-04-05,414
2008-04-04,396
2008-04-03,320
2008-04-02,309
2008-04-01,469
2008-03-31,338
2008-03-30,326
2008-03-29,396
2008-03-28,392
2008-03-27,369
2008-03-26,449
2008-03-25,431
2008-03-24,342
2008-03-23,366
2008-03-22,367
2008-03-21,344
2008-03-20,351
2008-03-19,397
2008-03-18,421
2008-03-17,455
2008-03-16,364
2008-03-15,400
2008-03-14,390
2008-03-13,414
2008-03-12,418
2008-03-11,398
2008-03-10,462
2008-03-09,377
2008-03-08,471
2008-03-07,433
2008-03-06,429
2008-03-05,427
2008-03-04,395
2008-03-03,403
2008-03-02,393
2008-03-01,517
2008-02-29,372
2008-02-28,406
2008-02-27,428
2008-02-26,390
2008-02-25,435
2008-02-24,370
2008-02-23,369
2008-02-22,387
2008-02-21,388
2008-02-20,394
2008-02-19,329
2008-02-18,379
2008-02-17,348
2008-02-16,385
2008-02-15,447
2008-02-14,350
2008-02-13,379
2008-02-12,358
2008-02-11,406
2008-02-10,376
2008-02-09,398
2008-02-08,398
2008-02-07,376
2008-02-06,366
2008-02-05,377
2008-02-04,377
2008-02-03,307
2008-02-02,321
2008-02-01,425
2008-01-31,358
2008-01-30,349
2008-01-29,434
2008-01-28,384
2008-01-27,316
2008-01-26,316
2008-01-25,333
2008-01-24,345
2008-01-23,374
2008-01-22,411
2008-01-21,378
2008-01-20,378
2008-01-19,372
2008-01-18,469
2008-01-17,371
2008-01-16,429
2008-01-15,414
2008-01-14,420
2008-01-13,378
2008-01-12,425
2008-01-11,379
2008-01-10,360
2008-01-09,397
2008-01-08,380
2008-01-07,390
2008-01-06,375
2008-01-05,351
2008-01-04,362
2008-01-03,387
2008-01-02,394
2008-01-01,555
2007-12-31,359
2007-12-30,335
2007-12-29,328
2007-12-28,376
2007-12-27,312
2007-12-26,310
2007-12-25,212
2007-12-24,299
2007-12-23,340
2007-12-22,325
2007-12-21,368
2007-12-20,439
2007-12-19,415
2007-12-18,347
2007-12-17,414
2007-12-16,2
2007-12-15,357
2007-12-14,394
2007-12-13,378
2007-12-12,406
2007-12-11,430
2007-12-10,387
2007-12-09,316
2007-12-08,368
2007-12-07,420
2007-12-06,354
2007-12-05,379
2007-12-04,331
2007-12-03,385
2007-12-02,366
2007-12-01,434
2007-11-30,385
2007-11-29,385
2007-11-28,361
2007-11-27,386
2007-11-26,366
2007-11-25,381
2007-11-24,446
2007-11-23,335
2007-11-22,310
2007-11-21,390
2007-11-20,349
2007-11-19,401
2007-11-18,391
2007-11-17,394
2007-11-16,370
2007-11-15,429
2007-11-14,394
2007-11-13,353
2007-11-12,351
2007-11-11,342
2007-11-10,394
2007-11-09,425
2007-11-08,411
2007-11-07,377
2007-11-06,421
2007-11-05,363
2007-11-04,388
2007-11-03,429
2007-11-02,404
2007-11-01,467
2007-10-31,411
2007-10-30,393
2007-10-29,386
2007-10-28,388
2007-10-27,366
2007-10-26,432
2007-10-25,408
2007-10-24,394
2007-10-23,419
2007-10-22,358
2007-10-21,397
2007-10-20,413
2007-10-19,386
2007-10-18,405
2007-10-17,393
2007-10-16,363
2007-10-15,426
2007-10-14,384
2007-10-13,380
2007-10-12,345
2007-10-11,395
2007-10-10,365
2007-10-09,381
2007-10-08,374
2007-10-07,414
2007-10-06,381
2007-10-05,338
2007-10-04,381
2007-10-03,408
2007-10-02,385
2007-10-01,453
2007-09-30,354
2007-09-29,413
2007-09-28,435
2007-09-27,431
2007-09-26,447
2007-09-25,390
2007-09-24,398
2007-09-23,381
2007-09-22,367
2007-09-21,426
2007-09-20,393
2007-09-19,341
2007-09-18,366
2007-09-17,435
2007-09-16,382
2007-09-15,466
2007-09-14,416
2007-09-13,441
2007-09-12,392
2007-09-11,384
2007-09-10,375
2007-09-09,439
2007-09-08,398
2007-09-07,442
2007-09-06,418
2007-09-05,402
2007-09-04,387
2007-09-03,314
2007-09-02,318
2007-09-01,418
2007-08-31,368
2007-08-30,364
2007-08-29,423
2007-08-28,393
2007-08-27,398
2007-08-26,342
2007-08-25,409
2007-08-24,373
2007-08-23,388
2007-08-22,393
2007-08-21,423
2007-08-20,410
2007-08-19,375
2007-08-18,352
2007-08-17,412
2007-08-16,343
2007-08-15,395
2007-08-14,389
2007-08-13,405
2007-08-12,387
2007-08-11,405
2007-08-10,393
2007-08-09,388
2007-08-08,337
2007-08-07,344
2007-08-06,339
2007-08-05,305
2007-08-04,356
2007-08-03,380
2007-08-02,361
2007-08-01,433
2007-07-31,342
2007-07-30,346
2007-07-29,382
2007-07-28,389
2007-07-27,407
2007-07-26,412
2007-07-25,416
2007-07-24,395
2007-07-23,355
2007-07-22,285
2007-07-21,385
2007-07-20,423
2007-07-19,414
2007-07-18,382
2007-07-17,427
2007-07-16,379
2007-07-15,390
2007-07-14,407
2007-07-13,386
2007-07-12,392
2007-07-11,396
2007-07-10,398
2007-07-09,377
2007-07-08,389
2007-07-07,365
2007-07-06,361
2007-07-05,344
2007-07-04,366
2007-07-03,368
2007-07-02,368
2007-07-01,392
2007-06-30,377
2007-06-29,371
2007-06-28,365
2007-06-27,337
2007-06-26,333
2007-06-25,341
2007-06-24,387
2007-06-23,416
2007-06-22,403
2007-06-21,346
2007-06-20,380
2007-06-19,362
2007-06-18,329
2007-06-17,326
2007-06-16,377
2007-06-15,463
2007-06-14,347
2007-06-13,356
2007-06-12,458
2007-06-11,400
2007-06-10,341
2007-06-09,339
2007-06-08,374
2007-06-07,319
2007-06-06,356
2007-06-05,371
2007-06-04,343
2007-06-03,329
2007-06-02,326
2007-06-01,478
2007-05-31,335
2007-05-30,359
2007-05-29,401
2007-05-28,345
2007-05-27,329
2007-05-26,373
2007-05-25,397
2007-05-24,341
2007-05-23,304
2007-05-22,408
2007-05-21,366
2007-05-20,367
2007-05-19,342
2007-05-18,390
2007-05-17,334
2007-05-16,375
2007-05-15,382
2007-05-14,350
2007-05-13,318
2007-05-12,341
2007-05-11,412
2007-05-10,362
2007-05-09,376
2007-05-08,404
2007-05-07,394
2007-05-06,416
2007-05-05,395
2007-05-04,377
2007-05-03,323
2007-05-02,372
2007-05-01,390
2007-04-30,319
2007-04-29,338
2007-04-28,359
2007-04-27,396
2007-04-26,370
2007-04-25,348
2007-04-24,389
2007-04-23,373
2007-04-22,366
2007-04-21,343
2007-04-20,400
2007-04-19,417
2007-04-18,402
2007-04-17,357
2007-04-16,375
2007-04-15,351
2007-04-14,363
2007-04-13,355
2007-04-12,376
2007-04-11,376
2007-04-10,405
2007-04-09,406
2007-04-08,292
2007-04-07,393
2007-04-06,302
2007-04-05,296
2007-04-04,359
2007-04-03,387
2007-04-02,328
2007-04-01,454
2007-03-31,372
2007-03-30,386
2007-03-29,388
2007-03-28,391
2007-03-27,380
2007-03-26,384
2007-03-25,398
2007-03-24,349
2007-03-23,369
2007-03-22,336
2007-03-21,361
2007-03-20,359
2007-03-19,377
2007-03-18,352
2007-03-17,364
2007-03-16,397
2007-03-15,433
2007-03-14,389
2007-03-13,403
2007-03-12,407
2007-03-11,338
2007-03-10,394
2007-03-09,368
2007-03-08,374
2007-03-07,402
2007-03-06,388
2007-03-05,396
2007-03-04,371
2007-03-03,390
2007-03-02,390
2007-03-01,500
2007-02-28,350
2007-02-27,331
2007-02-26,340
2007-02-25,285
2007-02-24,307
2007-02-23,383
2007-02-22,277
2007-02-21,402
2007-02-20,411
2007-02-19,372
2007-02-18,329
2007-02-17,364
2007-02-16,443
2007-02-15,426
2007-02-14,418
2007-02-13,401
2007-02-12,417
2007-02-11,351
2007-02-10,337
2007-02-09,373
2007-02-08,375
2007-02-07,423
2007-02-06,413
2007-02-05,384
2007-02-04,341
2007-02-03,393
2007-02-02,393
2007-02-01,474
2007-01-31,395
2007-01-30,375
2007-01-29,374
2007-01-28,342
2007-01-27,346
2007-01-26,359
2007-01-25,358
2007-01-24,314
2007-01-23,375
2007-01-22,372
2007-01-21,340
2007-01-20,310
2007-01-19,399
2007-01-18,391
2007-01-17,410
2007-01-16,362
2007-01-15,390
2007-01-14,302
2007-01-13,377
2007-01-12,403
2007-01-11,358
2007-01-10,431
2007-01-09,418
2007-01-08,339
2007-01-07,397
2007-01-06,387
2007-01-05,386
2007-01-04,361
2007-01-03,333
2007-01-02,359
2007-01-01,538
2006-12-31,367
2006-12-30,344
2006-12-29,318
2006-12-28,293
2006-12-27,304
2006-12-26,308
2006-12-25,237
2006-12-24,292
2006-12-23,344
2006-12-22,300
2006-12-21,334
2006-12-20,385
2006-12-19,359
2006-12-18,350
2006-12-17,319
2006-12-16,347
2006-12-15,431
2006-12-14,345
2006-12-13,377
2006-12-12,324
2006-12-11,328
2006-12-10,307
2006-12-09,351
2006-12-08,354
2006-12-07,369
2006-12-06,382
2006-12-05,407
2006-12-04,326
2006-12-03,378
2006-12-02,333
2006-12-01,479
2006-11-30,364
2006-11-29,369
2006-11-28,362
2006-11-27,348
2006-11-26,306
2006-11-25,335
2006-11-24,330
2006-11-23,249
2006-11-22,372
2006-11-21,366
2006-11-20,374
2006-11-19,339
2006-11-18,378
2006-11-17,425
2006-11-16,370
2006-11-15,361
2006-11-14,336
2006-11-13,392
2006-11-12,284
2006-11-11,354
2006-11-10,380
2006-11-09,366
2006-11-08,436
2006-11-07,364
2006-11-06,407
2006-11-05,338
2006-11-04,393
2006-11-03,348
2006-11-02,286
2006-11-01,459
2006-10-31,428
2006-10-30,437
2006-10-29,311
2006-10-28,378
2006-10-27,384
2006-10-26,353
2006-10-25,417
2006-10-24,391
2006-10-23,337
2006-10-22,326
2006-10-21,345
2006-10-20,420
2006-10-19,351
2006-10-18,364
2006-10-17,388
2006-10-16,410
2006-10-15,346
2006-10-14,361
2006-10-13,389
2006-10-12,398
2006-10-11,395
2006-10-10,386
2006-10-09,324
2006-10-08,319
2006-10-07,372
2006-10-06,491
2006-10-05,359
2006-10-04,336
2006-10-03,380
2006-10-02,457
2006-10-01,428
2006-09-30,346
2006-09-29,429
2006-09-28,360
2006-09-27,346
2006-09-26,356
2006-09-25,326
2006-09-24,325
2006-09-23,374
2006-09-22,419
2006-09-21,422
2006-09-20,407
2006-09-19,398
2006-09-18,337
2006-09-17,358
2006-09-16,393
2006-09-15,392
2006-09-14,407
2006-09-13,415
2006-09-12,403
2006-09-11,402
2006-09-10,373
2006-09-09,394
2006-09-08,401
2006-09-07,361
2006-09-06,363
2006-09-05,358
2006-09-04,380
2006-09-03,310
2006-09-02,383
2006-09-01,482
2006-08-31,361
2006-08-30,431
2006-08-29,361
2006-08-28,364
2006-08-27,325
2006-08-26,383
2006-08-25,419
2006-08-24,392
2006-08-23,437
2006-08-22,394
2006-08-21,367
2006-08-20,374
2006-08-19,386
2006-08-18,419
2006-08-17,467
2006-08-16,487
2006-08-15,459
2006-08-14,409
2006-08-13,377
2006-08-12,363
2006-08-11,445
2006-08-10,385
2006-08-09,429
2006-08-08,437
2006-08-07,370
2006-08-06,389
2006-08-05,361
2006-08-04,468
2006-08-03,444
2006-08-02,334
2006-08-01,481
2006-07-31,396
2006-07-30,355
2006-07-29,401
2006-07-28,435
2006-07-27,378
2006-07-26,417
2006-07-25,390
2006-07-24,358
2006-07-23,318
2006-07-22,401
2006-07-21,395
2006-07-20,370
2006-07-19,391
2006-07-18,376
2006-07-17,341
2006-07-16,378
2006-07-15,386
2006-07-14,414
2006-07-13,389
2006-07-12,368
2006-07-11,371
2006-07-10,365
2006-07-09,307
2006-07-08,342
2006-07-07,430
2006-07-06,329
2006-07-05,375
2006-07-04,350
2006-07-03,326
2006-07-02,348
2006-07-01,493
2006-06-30,402
2006-06-29,379
2006-06-28,389
2006-06-27,396
2006-06-26,388
2006-06-25,345
2006-06-24,359
2006-06-23,390
2006-06-22,352
2006-06-21,350
2006-06-20,412
2006-06-19,358
2006-06-18,363
2006-06-17,430
2006-06-16,430
2006-06-15,413
2006-06-14,418
2006-06-13,401
2006-06-12,363
2006-06-11,341
2006-06-10,386
2006-06-09,405
2006-06-08,358
2006-06-07,439
2006-06-06,406
2006-06-05,363
2006-06-04,406
2006-06-03,356
2006-06-02,378
2006-06-01,481
2006-05-31,343
2006-05-30,342
2006-05-29,376
2006-05-28,365
2006-05-27,359
2006-05-26,442
2006-05-25,424
2006-05-24,385
2006-05-23,352
2006-05-22,386
2006-05-21,358
2006-05-20,409
2006-05-19,426
2006-05-18,358
2006-05-17,349
2006-05-16,393
2006-05-15,409
2006-05-14,357
2006-05-13,355
2006-05-12,410
2006-05-11,342
2006-05-10,415
2006-05-09,350
2006-05-08,338
2006-05-07,310
2006-05-06,346
2006-05-05,344
2006-05-04,303
2006-05-03,355
2006-05-02,327
2006-05-01,429
2006-04-30,330
2006-04-29,368
2006-04-28,403
2006-04-27,405
2006-04-26,406
2006-04-25,466
2006-04-24,342
2006-04-23,371
2006-04-22,399
2006-04-21,401
2006-04-20,398
2006-04-19,418
2006-04-18,411
2006-04-17,354
2006-04-16,322
2006-04-15,405
2006-04-14,372
2006-04-13,357
2006-04-12,346
2006-04-11,363
2006-04-10,366
2006-04-09,352
2006-04-08,371
2006-04-07,430
2006-04-06,416
2006-04-05,417
2006-04-04,416
2006-04-03,370
2006-04-02,363
2006-04-01,425
2006-03-31,367
2006-03-30,347
2006-03-29,367
2006-03-28,354
2006-03-27,333
2006-03-26,365
2006-03-25,399
2006-03-24,427
2006-03-23,403
2006-03-22,404
2006-03-21,431
2006-03-20,359
2006-03-19,364
2006-03-18,373
2006-03-17,452
2006-03-16,388
2006-03-15,414
2006-03-14,352
2006-03-13,357
2006-03-12,293
2006-03-11,343
2006-03-10,400
2006-03-09,433
2006-03-08,451
2006-03-07,331
2006-03-06,379
2006-03-05,286
2006-03-04,363
2006-03-03,370
2006-03-02,333
2006-03-01,438
2006-02-28,348
2006-02-27,334
2006-02-26,341
2006-02-25,387
2006-02-24,453
2006-02-23,386
2006-02-22,398
2006-02-21,377
2006-02-20,404
2006-02-19,344
2006-02-18,341
2006-02-17,395
2006-02-16,350
2006-02-15,369
2006-02-14,416
2006-02-13,367
2006-02-12,385
2006-02-11,367
2006-02-10,440
2006-02-09,369
2006-02-08,472
2006-02-07,381
2006-02-06,377
2006-02-05,326
2006-02-04,390
2006-02-03,459
2006-02-02,371
2006-02-01,425
2006-01-31,374
2006-01-30,333
2006-01-29,341
2006-01-28,289
2006-01-27,380
2006-01-26,386
2006-01-25,418
2006-01-24,358
2006-01-23,421
2006-01-22,358
2006-01-21,389
2006-01-20,423
2006-01-19,413
2006-01-18,372
2006-01-17,369
2006-01-16,283
2006-01-15,349
2006-01-14,337
2006-01-13,425
2006-01-12,398
2006-01-11,407
2006-01-10,386
2006-01-09,380
2006-01-08,348
2006-01-07,398
2006-01-06,452
2006-01-05,420
2006-01-04,373
2006-01-03,363
2006-01-02,269
2006-01-01,621
2005-12-31,394
2005-12-30,381
2005-12-29,399
2005-12-28,387
2005-12-27,368
2005-12-26,291
2005-12-25,223
2005-12-24,357
2005-12-23,407
2005-12-22,347
2005-12-21,352
2005-12-20,346
2005-12-19,318
2005-12-18,308
2005-12-17,320
2005-12-16,431
2005-12-15,394
2005-12-14,371
2005-12-13,340
2005-12-12,362
2005-12-11,285
2005-12-10,391
2005-12-09,383
2005-12-08,369
2005-12-07,348
2005-12-06,317
2005-12-05,353
2005-12-04,312
2005-12-03,336
2005-12-02,361
2005-12-01,429
2005-11-30,442
2005-11-29,353
2005-11-28,333
2005-11-27,284
2005-11-26,398
2005-11-25,351
2005-11-24,309
2005-11-23,393
2005-11-22,386
2005-11-21,377
2005-11-20,379
2005-11-19,360
2005-11-18,417
2005-11-17,404
2005-11-16,426
2005-11-15,416
2005-11-14,389
2005-11-13,360
2005-11-12,390
2005-11-11,414
2005-11-10,414
2005-11-09,420
2005-11-08,348
2005-11-07,328
2005-11-06,333
2005-11-05,380
2005-11-04,450
2005-11-03,452
2005-11-02,427
2005-11-01,461
2005-10-31,469
2005-10-30,381
2005-10-29,341
2005-10-28,441
2005-10-27,382
2005-10-26,386
2005-10-25,424
2005-10-24,443
2005-10-23,323
2005-10-22,372
2005-10-21,432
2005-10-20,443
2005-10-19,431
2005-10-18,398
2005-10-17,440
2005-10-16,355
2005-10-15,390
2005-10-14,425
2005-10-13,400
2005-10-12,424
2005-10-11,405
2005-10-10,343
2005-10-09,394
2005-10-08,401
2005-10-07,462
2005-10-06,440
2005-10-05,424
2005-10-04,435
2005-10-03,428
2005-10-02,391
2005-10-01,498
2005-09-30,442
2005-09-29,397
2005-09-28,393
2005-09-27,427
2005-09-26,364
2005-09-25,415
2005-09-24,352
2005-09-23,449
2005-09-22,427
2005-09-21,428
2005-09-20,377
2005-09-19,387
2005-09-18,346
2005-09-17,369
2005-09-16,441
2005-09-15,406
2005-09-14,373
2005-09-13,379
2005-09-12,372
2005-09-11,305
2005-09-10,385
2005-09-09,417
2005-09-08,426
2005-09-07,392
2005-09-06,334
2005-09-05,332
2005-09-04,304
2005-09-03,371
2005-09-02,439
2005-09-01,440
2005-08-31,433
2005-08-30,393
2005-08-29,388
2005-08-28,316
2005-08-27,400
2005-08-26,456
2005-08-25,365
2005-08-24,386
2005-08-23,428
2005-08-22,398
2005-08-21,349
2005-08-20,388
2005-08-19,398
2005-08-18,379
2005-08-17,377
2005-08-16,351
2005-08-15,381
2005-08-14,333
2005-08-13,377
2005-08-12,407
2005-08-11,382
2005-08-10,427
2005-08-09,395
2005-08-08,358
2005-08-07,374
2005-08-06,381
2005-08-05,462
2005-08-04,402
2005-08-03,420
2005-08-02,363
2005-08-01,474
2005-07-31,344
2005-07-30,407
2005-07-29,367
2005-07-28,383
2005-07-27,406
2005-07-26,366
2005-07-25,364
2005-07-24,326
2005-07-23,418
2005-07-22,461
2005-07-21,378
2005-07-20,374
2005-07-19,362
2005-07-18,364
2005-07-17,323
2005-07-16,372
2005-07-15,426
2005-07-14,418
2005-07-13,409
2005-07-12,369
2005-07-11,355
2005-07-10,362
2005-07-09,388
2005-07-08,399
2005-07-07,368
2005-07-06,367
2005-07-05,441
2005-07-04,387
2005-07-03,318
2005-07-02,362
2005-07-01,523
2005-06-30,388
2005-06-29,349
2005-06-28,457
2005-06-27,378
2005-06-26,459
2005-06-25,411
2005-06-24,423
2005-06-23,433
2005-06-22,392
2005-06-21,359
2005-06-20,388
2005-06-19,333
2005-06-18,399
2005-06-17,407
2005-06-16,348
2005-06-15,346
2005-06-14,378
2005-06-13,351
2005-06-12,367
2005-06-11,357
2005-06-10,462
2005-06-09,380
2005-06-08,366
2005-06-07,372
2005-06-06,328
2005-06-05,315
2005-06-04,362
2005-06-03,430
2005-06-02,389
2005-06-01,504
2005-05-31,387
2005-05-30,411
2005-05-29,384
2005-05-28,372
2005-05-27,453
2005-05-26,353
2005-05-25,450
2005-05-24,370
2005-05-23,343
2005-05-22,350
2005-05-21,440
2005-05-20,438
2005-05-19,447
2005-05-18,391
2005-05-17,369
2005-05-16,422
2005-05-15,374
2005-05-14,378
2005-05-13,419
2005-05-12,413
2005-05-11,427
2005-05-10,397
2005-05-09,340
2005-05-08,389
2005-05-07,413
2005-05-06,422
2005-05-05,411
2005-05-04,398
2005-05-03,356
2005-05-02,382
2005-05-01,403
2005-04-30,372
2005-04-29,417
2005-04-28,454
2005-04-27,411
2005-04-26,400
2005-04-25,417
2005-04-24,363
2005-04-23,394
2005-04-22,443
2005-04-21,426
2005-04-20,394
2005-04-19,362
2005-04-18,393
2005-04-17,320
2005-04-16,343
2005-04-15,441
2005-04-14,407
2005-04-13,439
2005-04-12,415
2005-04-11,434
2005-04-10,313
2005-04-09,414
2005-04-08,390
2005-04-07,416
2005-04-06,456
2005-04-05,417
2005-04-04,405
2005-04-03,326
2005-04-02,379
2005-04-01,440
2005-03-31,353
2005-03-30,421
2005-03-29,404
2005-03-28,383
2005-03-27,321
2005-03-26,375
2005-03-25,402
2005-03-24,399
2005-03-23,437
2005-03-22,381
2005-03-21,396
2005-03-20,370
2005-03-19,360
2005-03-18,406
2005-03-17,413
2005-03-16,399
2005-03-15,430
2005-03-14,327
2005-03-13,367
2005-03-12,397
2005-03-11,375
2005-03-10,436
2005-03-09,427
2005-03-08,386
2005-03-07,349
2005-03-06,320
2005-03-05,433
2005-03-04,384
2005-03-03,459
2005-03-02,435
2005-03-01,444
2005-02-28,377
2005-02-27,288
2005-02-26,368
2005-02-25,444
2005-02-24,396
2005-02-23,401
2005-02-22,396
2005-02-21,325
2005-02-20,331
2005-02-19,286
2005-02-18,376
2005-02-17,411
2005-02-16,435
2005-02-15,356
2005-02-14,349
2005-02-13,323
2005-02-12,358
2005-02-11,429
2005-02-10,369
2005-02-09,398
2005-02-08,423
2005-02-07,334
2005-02-06,307
2005-02-05,366
2005-02-04,474
2005-02-03,401
2005-02-02,428
2005-02-01,542
2005-01-31,398
2005-01-30,375
2005-01-29,377
2005-01-28,425
2005-01-27,422
2005-01-26,394
2005-01-25,382
2005-01-24,360
2005-01-23,358
2005-01-22,389
2005-01-21,446
2005-01-20,409
2005-01-19,458
2005-01-18,423
2005-01-17,342
2005-01-16,365
2005-01-15,429
2005-01-14,438
2005-01-13,415
2005-01-12,448
2005-01-11,466
2005-01-10,373
2005-01-09,361
2005-01-08,343
2005-01-07,381
2005-01-06,411
2005-01-05,402
2005-01-04,378
2005-01-03,322
2005-01-02,304
2005-01-01,546
2004-12-31,405
2004-12-30,328
2004-12-29,386
2004-12-28,375
2004-12-27,267
2004-12-26,273
2004-12-25,232
2004-12-24,331
2004-12-23,399
2004-12-22,412
2004-12-21,378
2004-12-20,386
2004-12-19,355
2004-12-18,352
2004-12-17,419
2004-12-16,401
2004-12-15,495
2004-12-14,429
2004-12-13,400
2004-12-12,331
2004-12-11,349
2004-12-10,442
2004-12-09,363
2004-12-08,347
2004-12-07,373
2004-12-06,328
2004-12-05,343
2004-12-04,375
2004-12-03,398
2004-12-02,396
2004-12-01,471
2004-11-30,354
2004-11-29,407
2004-11-28,302
2004-11-27,342
2004-11-26,374
2004-11-25,271
2004-11-24,373
2004-11-23,372
2004-11-22,378
2004-11-21,345
2004-11-20,362
2004-11-19,415
2004-11-18,356
2004-11-17,329
2004-11-16,398
2004-11-15,364
2004-11-14,359
2004-11-13,380
2004-11-12,436
2004-11-11,381
2004-11-10,363
2004-11-09,302
2004-11-08,378
2004-11-07,358
2004-11-06,375
2004-11-05,418
2004-11-04,335
2004-11-03,353
2004-11-02,412
2004-11-01,457
2004-10-31,447
2004-10-30,372
2004-10-29,464
2004-10-28,411
2004-10-27,398
2004-10-26,365
2004-10-25,361
2004-10-24,371
2004-10-23,382
2004-10-22,425
2004-10-21,406
2004-10-20,417
2004-10-19,396
2004-10-18,382
2004-10-17,318
2004-10-16,380
2004-10-15,454
2004-10-14,406
2004-10-13,431
2004-10-12,391
2004-10-11,360
2004-10-10,358
2004-10-09,373
2004-10-08,442
2004-10-07,374
2004-10-06,463
2004-10-05,315
2004-10-04,404
2004-10-03,343
2004-10-02,323
2004-10-01,471
2004-09-30,365
2004-09-29,429
2004-09-28,403
2004-09-27,396
2004-09-26,353
2004-09-25,448
2004-09-24,439
2004-09-23,472
2004-09-22,383
2004-09-21,372
2004-09-20,350
2004-09-19,293
2004-09-18,365
2004-09-17,446
2004-09-16,439
2004-09-15,438
2004-09-14,393
2004-09-13,367
2004-09-12,371
2004-09-11,358
2004-09-10,388
2004-09-09,410
2004-09-08,389
2004-09-07,397
2004-09-06,304
2004-09-05,339
2004-09-04,386
2004-09-03,402
2004-09-02,375
2004-09-01,525
2004-08-31,382
2004-08-30,348
2004-08-29,372
2004-08-28,437
2004-08-27,432
2004-08-26,439
2004-08-25,396
2004-08-24,401
2004-08-23,403
2004-08-22,360
2004-08-21,395
2004-08-20,431
2004-08-19,444
2004-08-18,473
2004-08-17,367
2004-08-16,436
2004-08-15,353
2004-08-14,356
2004-08-13,419
2004-08-12,419
2004-08-11,411
2004-08-10,437
2004-08-09,365
2004-08-08,310
2004-08-07,392
2004-08-06,430
2004-08-05,389
2004-08-04,413
2004-08-03,454
2004-08-02,415
2004-08-01,408
2004-07-31,320
2004-07-30,411
2004-07-29,368
2004-07-28,407
2004-07-27,410
2004-07-26,393
2004-07-25,362
2004-07-24,414
2004-07-23,442
2004-07-22,407
2004-07-21,398
2004-07-20,360
2004-07-19,431
2004-07-18,388
2004-07-17,373
2004-07-16,450
2004-07-15,395
2004-07-14,417
2004-07-13,460
2004-07-12,377
2004-07-11,338
2004-07-10,412
2004-07-09,396
2004-07-08,463
2004-07-07,442
2004-07-06,444
2004-07-05,370
2004-07-04,431
2004-07-03,415
2004-07-02,421
2004-07-01,463
2004-06-30,382
2004-06-29,415
2004-06-28,429
2004-06-27,420
2004-06-26,358
2004-06-25,453
2004-06-24,421
2004-06-23,399
2004-06-22,372
2004-06-21,369
2004-06-20,375
2004-06-19,461
2004-06-18,456
2004-06-17,374
2004-06-16,355
2004-06-15,418
2004-06-14,429
2004-06-13,350
2004-06-12,426
2004-06-11,375
2004-06-10,431
2004-06-09,411
2004-06-08,483
2004-06-07,346
2004-06-06,294
2004-06-05,404
2004-06-04,450
2004-06-03,401
2004-06-02,485
2004-06-01,468
2004-05-31,403
2004-05-30,429
2004-05-29,382
2004-05-28,474
2004-05-27,416
2004-05-26,484
2004-05-25,447
2004-05-24,412
2004-05-23,384
2004-05-22,484
2004-05-21,458
2004-05-20,438
2004-05-19,465
2004-05-18,486
2004-05-17,400
2004-05-16,390
2004-05-15,418
2004-05-14,430
2004-05-13,416
2004-05-12,453
2004-05-11,458
2004-05-10,392
2004-05-09,384
2004-05-08,411
2004-05-07,475
2004-05-06,449
2004-05-05,433
2004-05-04,432
2004-05-03,393
2004-05-02,382
2004-05-01,482
2004-04-30,426
2004-04-29,441
2004-04-28,421
2004-04-27,472
2004-04-26,415
2004-04-25,430
2004-04-24,493
2004-04-23,505
2004-04-22,364
2004-04-21,368
2004-04-20,401
2004-04-19,413
2004-04-18,389
2004-04-17,500
2004-04-16,462
2004-04-15,412
2004-04-14,418
2004-04-13,370
2004-04-12,407
2004-04-11,331
2004-04-10,371
2004-04-09,443
2004-04-08,429
2004-04-07,409
2004-04-06,402
2004-04-05,418
2004-04-04,391
2004-04-03,394
2004-04-02,507
2004-04-01,563
2004-03-31,424
2004-03-30,432
2004-03-29,386
2004-03-28,405
2004-03-27,401
2004-03-26,417
2004-03-25,388
2004-03-24,447
2004-03-23,455
2004-03-22,387
2004-03-21,372
2004-03-20,408
2004-03-19,416
2004-03-18,408
2004-03-17,437
2004-03-16,496
2004-03-15,349
2004-03-14,297
2004-03-13,378
2004-03-12,473
2004-03-11,458
2004-03-10,490
2004-03-09,493
2004-03-08,392
2004-03-07,360
2004-03-06,413
2004-03-05,493
2004-03-04,462
2004-03-03,475
2004-03-02,475
2004-03-01,456
2004-02-29,389
2004-02-28,405
2004-02-27,459
2004-02-26,389
2004-02-25,370
2004-02-24,420
2004-02-23,497
2004-02-22,354
2004-02-21,367
2004-02-20,452
2004-02-19,433
2004-02-18,406
2004-02-17,393
2004-02-16,332
2004-02-15,413
2004-02-14,395
2004-02-13,437
2004-02-12,473
2004-02-11,428
2004-02-10,432
2004-02-09,430
2004-02-08,339
2004-02-07,407
2004-02-06,485
2004-02-05,405
2004-02-04,416
2004-02-03,464
2004-02-02,373
2004-02-01,370
2004-01-31,408
2004-01-30,475
2004-01-29,463
2004-01-28,453
2004-01-27,426
2004-01-26,415
2004-01-25,405
2004-01-24,459
2004-01-23,489
2004-01-22,439
2004-01-21,462
2004-01-20,420
2004-01-19,423
2004-01-18,360
2004-01-17,397
2004-01-16,464
2004-01-15,443
2004-01-14,454
2004-01-13,453
2004-01-12,425
2004-01-11,339
2004-01-10,421
2004-01-09,400
2004-01-08,417
2004-01-07,445
2004-01-06,390
2004-01-05,429
2004-01-04,351
2004-01-03,354
2004-01-02,348
2004-01-01,459
2003-12-31,323
2003-12-30,372
2003-12-29,316
2003-12-28,296
2003-12-27,321
2003-12-26,284
2003-12-25,234
2003-12-24,287
2003-12-23,346
2003-12-22,392
2003-12-21,361
2003-12-20,365
2003-12-19,355
2003-12-18,391
2003-12-17,367
2003-12-16,442
2003-12-15,401
2003-12-14,322
2003-12-13,322
2003-12-12,393
2003-12-11,409
2003-12-10,365
2003-12-09,357
2003-12-08,385
2003-12-07,289
2003-12-06,345
2003-12-05,423
2003-12-04,395
2003-12-03,386
2003-12-02,395
2003-12-01,432
2003-11-30,290
2003-11-29,364
2003-11-28,355
2003-11-27,316
2003-11-26,458
2003-11-25,397
2003-11-24,351
2003-11-23,338
2003-11-22,408
2003-11-21,422
2003-11-20,403
2003-11-19,420
2003-11-18,432
2003-11-17,427
2003-11-16,319
2003-11-15,409
2003-11-14,449
2003-11-13,428
2003-11-12,420
2003-11-11,376
2003-11-10,409
2003-11-09,374
2003-11-08,369
2003-11-07,420
2003-11-06,380
2003-11-05,389
2003-11-04,411
2003-11-03,440
2003-11-02,345
2003-11-01,508
2003-10-31,483
2003-10-30,448
2003-10-29,407
2003-10-28,459
2003-10-27,375
2003-10-26,337
2003-10-25,355
2003-10-24,447
2003-10-23,413
2003-10-22,477
2003-10-21,471
2003-10-20,436
2003-10-19,357
2003-10-18,369
2003-10-17,440
2003-10-16,484
2003-10-15,430
2003-10-14,442
2003-10-13,410
2003-10-12,373
2003-10-11,398
2003-10-10,392
2003-10-09,388
2003-10-08,447
2003-10-07,468
2003-10-06,390
2003-10-05,373
2003-10-04,354
2003-10-03,459
2003-10-02,447
2003-10-01,521
2003-09-30,425
2003-09-29,415
2003-09-28,351
2003-09-27,415
2003-09-26,485
2003-09-25,399
2003-09-24,477
2003-09-23,501
2003-09-22,444
2003-09-21,395
2003-09-20,420
2003-09-19,444
2003-09-18,470
2003-09-17,415
2003-09-16,452
2003-09-15,429
2003-09-14,366
2003-09-13,426
2003-09-12,459
2003-09-11,498
2003-09-10,450
2003-09-09,435
2003-09-08,388
2003-09-07,385
2003-09-06,419
2003-09-05,470
2003-09-04,369
2003-09-03,384
2003-09-02,389
2003-09-01,423
2003-08-31,384
2003-08-30,432
2003-08-29,397
2003-08-28,471
2003-08-27,451
2003-08-26,418
2003-08-25,396
2003-08-24,381
2003-08-23,401
2003-08-22,479
2003-08-21,454
2003-08-20,456
2003-08-19,425
2003-08-18,372
2003-08-17,322
2003-08-16,377
2003-08-15,475
2003-08-14,445
2003-08-13,453
2003-08-12,426
2003-08-11,419
2003-08-10,384
2003-08-09,398
2003-08-08,395
2003-08-07,458
2003-08-06,418
2003-08-05,393
2003-08-04,386
2003-08-03,363
2003-08-02,388
2003-08-01,476
2003-07-31,325
2003-07-30,321
2003-07-29,384
2003-07-28,379
2003-07-27,327
2003-07-26,361
2003-07-25,430
2003-07-24,393
2003-07-23,422
2003-07-22,390
2003-07-21,423
2003-07-20,382
2003-07-19,479
2003-07-18,425
2003-07-17,433
2003-07-16,477
2003-07-15,442
2003-07-14,352
2003-07-13,358
2003-07-12,345
2003-07-11,450
2003-07-10,394
2003-07-09,401
2003-07-08,414
2003-07-07,395
2003-07-06,350
2003-07-05,345
2003-07-04,373
2003-07-03,479
2003-07-02,408
2003-07-01,522
2003-06-30,361
2003-06-29,344
2003-06-28,381
2003-06-27,391
2003-06-26,458
2003-06-25,428
2003-06-24,406
2003-06-23,404
2003-06-22,299
2003-06-21,379
2003-06-20,447
2003-06-19,399
2003-06-18,393
2003-06-17,378
2003-06-16,379
2003-06-15,320
2003-06-14,355
2003-06-13,439
2003-06-12,426
2003-06-11,391
2003-06-10,461
2003-06-09,406
2003-06-08,381
2003-06-07,339
2003-06-06,414
2003-06-05,423
2003-06-04,435
2003-06-03,407
2003-06-02,448
2003-06-01,442
2003-05-31,389
2003-05-30,395
2003-05-29,445
2003-05-28,373
2003-05-27,454
2003-05-26,354
2003-05-25,316
2003-05-24,386
2003-05-23,412
2003-05-22,428
2003-05-21,395
2003-05-20,411
2003-05-19,389
2003-05-18,376
2003-05-17,337
2003-05-16,446
2003-05-15,450
2003-05-14,464
2003-05-13,474
2003-05-12,442
2003-05-11,337
2003-05-10,373
2003-05-09,432
2003-05-08,452
2003-05-07,415
2003-05-06,434
2003-05-05,400
2003-05-04,341
2003-05-03,338
2003-05-02,448
2003-05-01,499
2003-04-30,416
2003-04-29,415
2003-04-28,399
2003-04-27,324
2003-04-26,455
2003-04-25,433
2003-04-24,411
2003-04-23,514
2003-04-22,423
2003-04-21,385
2003-04-20,369
2003-04-19,366
2003-04-18,442
2003-04-17,406
2003-04-16,373
2003-04-15,462
2003-04-14,459
2003-04-13,389
2003-04-12,363
2003-04-11,533
2003-04-10,476
2003-04-09,484
2003-04-08,451
2003-04-07,342
2003-04-06,343
2003-04-05,413
2003-04-04,487
2003-04-03,440
2003-04-02,444
2003-04-01,524
2003-03-31,385
2003-03-30,396
2003-03-29,434
2003-03-28,449
2003-03-27,469
2003-03-26,441
2003-03-25,410
2003-03-24,383
2003-03-23,323
2003-03-22,382
2003-03-21,402
2003-03-20,460
2003-03-19,339
2003-03-18,430
2003-03-17,411
2003-03-16,363
2003-03-15,418
2003-03-14,503
2003-03-13,427
2003-03-12,505
2003-03-11,461
2003-03-10,411
2003-03-09,359
2003-03-08,417
2003-03-07,493
2003-03-06,423
2003-03-05,418
2003-03-04,464
2003-03-03,393
2003-03-02,358
2003-03-01,471
2003-02-28,454
2003-02-27,443
2003-02-26,491
2003-02-25,439
2003-02-24,406
2003-02-23,366
2003-02-22,432
2003-02-21,417
2003-02-20,424
2003-02-19,465
2003-02-18,485
2003-02-17,381
2003-02-16,332
2003-02-15,366
2003-02-14,443
2003-02-13,434
2003-02-12,422
2003-02-11,427
2003-02-10,511
2003-02-09,360
2003-02-08,374
2003-02-07,506
2003-02-06,474
2003-02-05,406
2003-02-04,450
2003-02-03,424
2003-02-02,355
2003-02-01,437
2003-01-31,419
2003-01-30,416
2003-01-29,510
2003-01-28,445
2003-01-27,417
2003-01-26,341
2003-01-25,469
2003-01-24,466
2003-01-23,454
2003-01-22,458
2003-01-21,380
2003-01-20,414
2003-01-19,305
2003-01-18,352
2003-01-17,444
2003-01-16,406
2003-01-15,410
2003-01-14,406
2003-01-13,398
2003-01-12,324
2003-01-11,363
2003-01-10,399
2003-01-09,417
2003-01-08,528
2003-01-07,418
2003-01-06,400
2003-01-05,377
2003-01-04,347
2003-01-03,440
2003-01-02,411
2003-01-01,622
